title,date,views,platform,type,player_name,image_url,link,sport
Terrific Running Catch ft. Virat Kohli,"17th Jan, 2024",20200,international,men,Virat Kohli,https://bcciplayerimages.s3.ap-south-1.amazonaws.com/resizedimageskirti/3588749423001/379f20f7-9221-4dd7-892e-84fdbe579024/2d8f8913-98dc-473b-a5ec-767bfdf1ddc7/1280x720/match/image_compress.jpeg,https://www.bcci.tv/bccilink/videos/3sb2iQND,Cricket
"IND vs AFG 2024, 3RD T20I: Virat Kohli Wicket","17th Jan, 2024",5400,international,men,Virat Kohli,https://bcciplayerimages.s3.ap-south-1.amazonaws.com/resizedimageskirti/3588749423001/24ee868a-1376-4441-a432-30bd036586a4/4c00e264-d9ba-4762-a725-9f1c9216c27f/1280x720/match/image_compress.jpeg,https://www.bcci.tv/bccilink/videos/jmBT81fx,Cricket
4 x 4: Placed to perfection ft. Virat Kohli & Yashasvi Jaiswal,"14th Jan, 2024",3000,international,men,Virat Kohli,https://bcciplayerimages.s3.ap-south-1.amazonaws.com/resizedimageskirti/3588749423001/8db6dc49-b37b-4856-9b68-38b2efa887ed/e99058de-59c3-4507-9daa-97c6ada81d7c/1280x720/match/image_compress.jpeg,https://www.bcci.tv/bccilink/videos/kSHMEKGu,Cricket
"IND vs AFG 2024, 2ND T20I: Virat Kohli Wicket","14th Jan, 2024",6100,international,men,Virat Kohli,https://bcciplayerimages.s3.ap-south-1.amazonaws.com/resizedimageskirti/3588749423001/5ec554c5-06c7-441a-bf74-1504197213d2/eaeb21e9-8f54-49ad-9956-214339ed382a/1280x720/match/image_compress.jpeg,https://www.bcci.tv/bccilink/videos/pjH6FWQK,Cricket
Cracking Start: Virat Kohli gets going in some style,"14th Jan, 2024",4600,international,men,Virat Kohli,https://bcciplayerimages.s3.ap-south-1.amazonaws.com/resizedimageskirti/3588749423001/97958436-9195-43ef-bbd8-a7c81122f4ef/65227040-6fff-4201-aa73-eb85514375d7/1280x720/match/image_compress.jpeg,https://www.bcci.tv/bccilink/videos/44RlRKTx,Cricket
Almost! Virat Kohli nearly grabs a stunner in the outfield,"14th Jan, 2024",2500,international,men,Virat Kohli,https://bcciplayerimages.s3.ap-south-1.amazonaws.com/resizedimageskirti/3588749423001/02a83969-709e-467e-b653-fbe06d7386aa/d7708cd5-2079-46c9-b840-93fceb9e18dd/1280x720/match/image_compress.jpeg,https://www.bcci.tv/bccilink/videos/JNmiq8gy,Cricket
"Virat Kohli shares the story about his newest text buddy, Novak Djokovic","13th Jan, 2024",39700,international,men,Virat Kohli,https://bcciplayerimages.s3.ap-south-1.amazonaws.com/resizedimageskirti/3588749423001/5b09007c-f8f3-446b-ba69-8345c70ff32a/a05cecc2-5d6a-48d7-9d4d-17234a00268a/1280x720/match/image_compress.jpeg,https://www.bcci.tv/bccilink/videos/gFzUdR9W,Cricket
On the mic with Virat Kohli | CWC23 | India vs South Africa,"6th Nov, 2023",159100,international,men,Virat Kohli,https://bcciplayerimages.s3.ap-south-1.amazonaws.com/resizedimageskirti/3588749423001/880892b3-8c91-4cae-b346-00317e0503c2/3f07f30b-cda3-43f4-aba4-f0f21b250823/1280x720/match/image_compress.jpeg,https://www.bcci.tv/bccilink/videos/ikwcax7B,Cricket
Practice & Execution | T Dilip decodes Virat Kohli's catch,"9th Oct, 2023",90300,international,men,Virat Kohli,https://bcciplayerimages.s3.ap-south-1.amazonaws.com/resizedimageskirti/3588749423001/9f8f1179-eff1-405f-9cda-37a2e5d71656/ee0a19c6-e1d6-41c8-9c15-fdd96d638401/1280x720/match/image_compress.jpeg,https://www.bcci.tv/bccilink/videos/q07ciuim,Cricket
Meet Srinivas - Virat Kohli's very special fan from Chennai,"6th Oct, 2023",24300,international,men,Virat Kohli,https://bcciplayerimages.s3.ap-south-1.amazonaws.com/resizedimageskirti/3588749423001/753efc51-250d-4076-97f0-2ac8b27f0d6a/d0d2652f-473f-4b8e-b6b5-636fbe086241/1280x720/match/image_compress.jpeg,https://www.bcci.tv/bccilink/videos/7GDMqe3o,Cricket
Virat Kohli withdraws from first two Tests citing personal reasons,"22nd Jan, 2024",-,international,men,Virat Kohli,https://assets.bcci.tv/bcci/articles/1705915457_TL_2155050.jpg,https://www.bcci.tv/articles/2024/news/55556088/virat-kohli-withdraws-from-first-two-tests-citing-personal-reasons,Cricket
Virat Kohli steps down as Team India’s Test Captain,"16th Jan, 2022",-,international,men,Virat Kohli,https://assets.bcci.tv/bcci/articles/1642310956_DM3_4582%20%281%29.JPG,https://www.bcci.tv/articles/2022/news/55555854/virat-kohli-steps-down-as-team-india-s-test-captain,Cricket
"Virat Kohli ruled out of 2nd Test, KL Rahul to lead Team India in his absence","3rd Jan, 2022",-,international,men,Virat Kohli,https://assets.bcci.tv/bcci/articles/1641198325_TL_1810371.jpg,https://www.bcci.tv/articles/2022/news/5555847/virat-kohli-ruled-out-of-2nd-test-kl-rahul-to-lead-team-india-in-his-absence,Cricket
Virat Kohli to step down as India's T20I captain after World Cup,"16th Sep, 2021",-,international,men,Virat Kohli,https://assets.bcci.tv/bcci/photo/2021/09/16/3c8e11f2-50ff-47e1-820d-cfbbb101b485/GettyImages-1289683671.jpg,https://www.bcci.tv/articles/2021/news/155084/virat-kohli-to-step-down-as-t20i-captain-after-world-cup,Cricket
Honoured to be awarded the ICC Men’s ODI Cricketer of the Decade: Virat Kohli,"28th Dec, 2020",-,international,men,Virat Kohli,https://assets.bcci.tv/bcci/articles/1697013879_virat.webp,https://www.bcci.tv/articles/2020/news/147614/honoured-to-be-awarded-the-icc-men-s-odi-cricketer-of-the-decade-virat-kohli,Cricket
ICC award a recognition of perseverance & hard work: Virat Kohli,"28th Dec, 2020",-,international,men,Virat Kohli,https://assets.bcci.tv/bcci/articles/1697013933_GettyImages-1291720417.webp,https://www.bcci.tv/articles/2020/news/147612/icc-award-a-recognition-of-perseverance-hard-work-virat-kohli,Cricket
Virat Kohli to be rested for last 2 ODIs & T20I series against New Zealand,"30th Sep, 2019",-,international,men,Virat Kohli,https://assets.bcci.tv/bcci/photo/2019/05/30/4ea0d821-0c49-4fdb-b0b8-9f28b0b62dfa/aaWXCaMz.jpg,https://www.bcci.tv/articles/2019/news/126314/,Cricket
I’ll dive six times in an over for my team: Virat Kohli,"30th Sep, 2019",-,international,men,Virat Kohli,https://assets.bcci.tv/bcci/articles/1697014815_viratko.webp,https://www.bcci.tv/articles/2019/news/126058/i-ll-dive-six-times-in-an-over-for-my-team-virat-kohli,Cricket
This series was a great advertisement for Test cricket - Virat Kohli,"14th Dec, 2018",-,international,men,Virat Kohli,https://assets.bcci.tv/test/bcci/photo/2018/11/01/91b24a06-d31a-4b0a-937b-104aefc0f345/gHYjqNBJ.jpg,https://www.bcci.tv/articles/2018/news/99852/,Cricket
Virat Kohli reclaims No. 1 ranking,"14th Dec, 2018",-,international,men,Virat Kohli,https://assets.bcci.tv/test/bcci/photo/2018/11/01/137440b5-2f81-4555-8b21-33fe8bb31ebe/DYwYFxXg.jpg,https://www.bcci.tv/articles/2018/news/99872/,Cricket
Legendary Sachin Tendulkar’s statue unveiled at the Wankhede Stadium,"1st Nov, 2023",46500,international,men,Sachin Tendulkar,https://bcciplayerimages.s3.ap-south-1.amazonaws.com/resizedimageskirti/3588749423001/13203156-12fa-4b62-8c7b-94120fec89a1/5367fc75-f753-4099-a20f-4bb424b6b4a8/1280x720/match/image_compress.jpeg,https://www.bcci.tv/bccilink/videos/HvDO4zsv,Cricket
Sachin Tendulkar's 200* vs SA,"23rd Feb, 2021",88100,international,men,Sachin Tendulkar,https://bcciplayerimages.s3.ap-south-1.amazonaws.com/resizedimageskirti/SRT-200_compress.jpeg,https://www.bcci.tv/bccilink/videos/O5A11i5S,Cricket
Sachin Tendulkar remembers Ajit Wadekar,"29th Aug, 2018",2100,international,men,Sachin Tendulkar,https://bcciplayerimages.s3.ap-south-1.amazonaws.com/resizedimageskirti/njAuYFJu_compress.jpeg,https://www.bcci.tv/bccilink/videos/vUvr4jkg,Cricket
Nasser Hussain explains his unusual tactics against Sachin Tendulkar back in 2001,"11th Dec, 2016",90000,international,men,Sachin Tendulkar,https://bcciplayerimages.s3.ap-south-1.amazonaws.com/resizedimageskirti/TzIgXZix_compress.jpeg,https://www.bcci.tv/bccilink/videos/npHKhASL,Cricket
"India greats – Sachin Tendulkar, Rahul Dravid and VVS Laxman take on the #TracerBulletChallenge","20th Nov, 2016",29000,international,men,Sachin Tendulkar,https://bcciplayerimages.s3.ap-south-1.amazonaws.com/resizedimageskirti/JUnlGKjV_compress.jpeg,https://www.bcci.tv/bccilink/videos/qUbSSswh,Cricket
"India vs NZ, 2016 - 1st Test Day 1: Sachin Tendulkar Interview","22nd Sep, 2016",33000,international,men,Sachin Tendulkar,https://bcciplayerimages.s3.ap-south-1.amazonaws.com/resizedimageskirti/OvsbLIcz_compress.jpeg,https://www.bcci.tv/bccilink/videos/fUDQrY0B,Cricket
"From the archives: IND vs ZIM, 3rd ODI - 2000,  Jodhpur - Sachin Tendulkar's 146","13th Jun, 2016",2500,international,men,Sachin Tendulkar,https://bcciplayerimages.s3.ap-south-1.amazonaws.com/resizedimageskirti/pbGJnbBj_compress.jpeg,https://www.bcci.tv/bccilink/videos/s9JmMD8m,Cricket
Sachin Tendulkar’s 100 international hundreds: Virat Kohli pays tribute,"11th Mar, 2016",12000,international,men,Sachin Tendulkar,https://bcciplayerimages.s3.ap-south-1.amazonaws.com/resizedimageskirti/HsnMJhgp_compress.jpeg,https://www.bcci.tv/bccilink/videos/SQJCOnFl,Cricket
Sachin Tendulkar’s 100 international hundreds: Ravindra Jadeja pays tribute,"11th Mar, 2016",3000,international,men,Sachin Tendulkar,https://bcciplayerimages.s3.ap-south-1.amazonaws.com/resizedimageskirti/nCNQyqSZ_compress.jpeg,https://www.bcci.tv/bccilink/videos/f7qSJqoG,Cricket
Sachin Tendulkar’s 100 international hundreds: Rohit Sharma pays tribute,"11th Mar, 2016",10300,international,men,Sachin Tendulkar,https://bcciplayerimages.s3.ap-south-1.amazonaws.com/resizedimageskirti/DtKbmpTP_compress.jpeg,https://www.bcci.tv/bccilink/videos/UIzsjqc7,Cricket
Sachin Tendulkar over the years,,-,international,men,Sachin Tendulkar,https://assets.bcci.tv/test/bcci/photo/2018/10/31/098d5e52-6d58-4941-b921-8b5fe0678fd2/kviGeaVG.jpg,https://www.bcci.tv/articles/1970/news/73004/,Cricket
Top ten tons: Sachin Tendulkar,,-,international,men,Sachin Tendulkar,https://assets.bcci.tv/test/bcci/photo/2018/10/31/9b72c650-615f-4425-bb01-90d5f9254c67/RZrCXhnr.jpg,https://www.bcci.tv/articles/1970/news/93535/,Cricket
Best quotes on Sachin Tendulkar,,-,international,men,Sachin Tendulkar,https://assets.bcci.tv/test/bcci/photo/2018/10/31/d267c391-e65a-4415-89e3-35207f01e568/eGKYEJgY.jpg,https://www.bcci.tv/articles/1970/news/72907/,Cricket
Sachin Tendulkar in Numbers,,-,international,men,Sachin Tendulkar,https://assets.bcci.tv/test/bcci/photo/2018/10/31/c535a753-d9f5-420a-8c11-c3bb9970e3ae/WfkoXdVx.jpg,https://www.bcci.tv/articles/1970/news/72189/,Cricket
200 Sachin Tendulkar facts,,-,international,men,Sachin Tendulkar,https://assets.bcci.tv/test/bcci/photo/2018/10/31/e7dc8f76-6cb7-4321-b5f4-ed48266d9e33/qUVyTXlP.jpg,https://www.bcci.tv/articles/1970/news/72970/,Cricket
Sachin Tendulkar’s goodbye speech,,-,international,men,Sachin Tendulkar,https://assets.bcci.tv/test/bcci/photo/2018/10/31/6fb35f0e-2228-46a4-aa86-337e48b4ac8a/rhmTpcMe.jpg,https://www.bcci.tv/articles/1970/news/72190/,Cricket
Sachin Tendulkar’s journey at the World Cups,,-,international,men,Sachin Tendulkar,https://assets.bcci.tv/test/bcci/photo/2018/11/01/859d5286-d53b-4a13-b9a3-7193e5906181/DmjnAQLF.jpg,https://www.bcci.tv/articles/1970/news/95277/,Cricket
India U19 an important milestone in Arjun’s career: Sachin Tendulkar,,-,international,men,Sachin Tendulkar,https://assets.bcci.tv/test/bcci/photo/2018/11/01/ec29ae81-10cd-435c-981f-b14fc07f13ec/dUJEKoKh.jpg,https://www.bcci.tv/articles/1970/news/100017/,Cricket
Sachin Tendulkar felicitated at MCA event,,-,international,men,Sachin Tendulkar,https://assets.bcci.tv/test/bcci/photo/2018/10/31/68d283cd-223b-4dca-888e-7fd771ca9f03/NTAkicqB.jpg,https://www.bcci.tv/articles/1970/news/72198/,Cricket
Sachin Tendulkar felicitated at HCA,,-,international,men,Sachin Tendulkar,https://assets.bcci.tv/test/bcci/photo/2018/10/31/5aecbea1-a748-47c6-8d5c-f1e26ea6f39b/MhbWGWCs.jpg,https://www.bcci.tv/articles/1970/news/72195/,Cricket
We have got a lot of experience: Rohit Sharma,"5th Jun, 2024",9300,international,men,Rohit Sharma,https://brightcoveimagecompression.s3.ap-south-1.amazonaws.com/output/input/6354356613112-1717582783.jpg,https://www.bcci.tv/bccilink/videos/bBknlGxW,Cricket
One thing we really looked at was our middle-overs hitting: Rohit Sharma,"2nd May, 2024",52200,international,men,Rohit Sharma,https://brightcoveimagecompression.s3.ap-south-1.amazonaws.com/output/input/6352192889112-1714751095.jpg,https://www.bcci.tv/bccilink/videos/vtDTVhPv,Cricket
Straight from the Dressing Room ft. Rahul Dravid & Rohit Sharma in Dharamsala,"10th Mar, 2024",34700,international,men,Rohit Sharma,https://brightcoveimagecompression.s3.ap-south-1.amazonaws.com/output/input/6348616066112-1710062564.jpg,https://www.bcci.tv/bccilink/videos/xEpXj1yJ,Cricket
Captain Rohit Sharma leads India's charge with 103,"8th Mar, 2024",9500,international,men,Rohit Sharma,https://brightcoveimagecompression.s3.ap-south-1.amazonaws.com/output/input/6348474456112-1710072883.jpg,https://www.bcci.tv/bccilink/videos/blUlCVz1,Cricket
"IND vs ENG 2024, 5TH Test: Rohit Sharma Wicket","8th Mar, 2024",18200,international,men,Rohit Sharma,https://brightcoveimagecompression.s3.ap-south-1.amazonaws.com/output/input/6348467030112-1709882110.jpg,https://www.bcci.tv/bccilink/videos/wh3CvJlV,Cricket
"IND vs ENG 2024, 5TH Test: Rohit Sharma Six","8th Mar, 2024",5100,international,men,Rohit Sharma,https://brightcoveimagecompression.s3.ap-south-1.amazonaws.com/output/input/6348444094112-1709871533.jpg,https://www.bcci.tv/bccilink/videos/kqP9M9pU,Cricket
"IND vs ENG 2024, 5TH Test: Rohit Sharma Six","7th Mar, 2024",8800,international,men,Rohit Sharma,https://brightcoveimagecompression.s3.ap-south-1.amazonaws.com/output/input/6348388334112-1709808223.jpg,https://www.bcci.tv/bccilink/videos/884DXdfP,Cricket
"IND vs ENG 2024, 5TH Test: Rohit Sharma Six","7th Mar, 2024",26400,international,men,Rohit Sharma,https://brightcoveimagecompression.s3.ap-south-1.amazonaws.com/output/input/6348384845112-1709805224.jpg,https://www.bcci.tv/bccilink/videos/5nT7kusE,Cricket
R Ashwin is a big match-winner for us: Rohit Sharma,"6th Mar, 2024",11000,international,men,Rohit Sharma,https://brightcoveimagecompression.s3.ap-south-1.amazonaws.com/output/input/6348329403112-1709732615.jpg,https://www.bcci.tv/bccilink/videos/wqT165NY,Cricket
Youngsters showed they have ability to excel in this format: Rohit Sharma,"26th Feb, 2024",25000,international,men,Rohit Sharma,https://brightcoveimagecompression.s3.ap-south-1.amazonaws.com/output/input/6347674905112-1709627846.jpg,https://www.bcci.tv/bccilink/videos/0mq3Fq0m,Cricket
Rohit Sharma and Navdeep Saini ruled out of second Test,"20th Dec, 2022",-,international,men,Rohit Sharma,https://assets.bcci.tv/bcci/articles/1671522231_Rohit-%20Saini.jpg,https://www.bcci.tv/articles/2022/news/55555962/rohit-sharma-and-navdeep-saini-ruled-out-of-second-test,Cricket
Team India Captain Rohit Sharma tests positive for COVID-19,"26th Jun, 2022",-,international,men,Rohit Sharma,https://assets.bcci.tv/bcci/articles/1656219142_PINKDM2448.JPG,https://www.bcci.tv/articles/2022/news/55555894/team-india-captain-rohit-sharma-tests-positive-for-covid-19,Cricket
Priyank Panchal replaces Rohit Sharma in India's Test squad,"13th Dec, 2021",-,international,men,Rohit Sharma,https://assets.bcci.tv/bcci/photo/2021/12/13/d4949473-96ed-417d-bb84-23cbb150321b/Priyank-Rohit.jpg,https://www.bcci.tv/articles/2021/news/158766/priyank-panchal-replaces-rohit-sharma-in-indias-test-squad,Cricket
"Rohit Sharma clears fitness test, set to join Team India in Australia","12th Dec, 2020",-,international,men,Rohit Sharma,https://assets.bcci.tv/bcci/photo/2020/12/11/a7324239-5bd7-4be1-b5eb-cbf4e05b6089/rohit-press-release-pic-for-website.jpg,https://www.bcci.tv/articles/2020/news/147530/rohit-sharma-clears-fitness-test-set-to-join-team-india-in-australia,Cricket
Rohit Sharma ruled out of NZ tour,"3rd Feb, 2020",-,international,men,Rohit Sharma,https://assets.bcci.tv/bcci/photo/2020/02/03/4be885e7-1223-4f61-a04a-33c5192c8a6d/rohit-picture.jpg,https://www.bcci.tv/articles/2020/news/145395/,Cricket
Rohit Sharma to join ODI squad on 8th January,"30th Sep, 2019",-,international,men,Rohit Sharma,,https://www.bcci.tv/articles/2019/news/126250/,Cricket
Rohit Sharma's comeback story,"3rd Mar, 2017",-,international,men,Rohit Sharma,https://assets.bcci.tv/bcci/articles/1697012322_rohit.webp,https://www.bcci.tv/articles/2017/news/98929/rohit-sharma-s-comeback-story,Cricket
Rohit Sharma & Kedar Jadhav ruled out of Paytm Prof D B Deodhar Trophy 2017,,-,international,men,Rohit Sharma,https://assets.bcci.tv/test/bcci/photo/2018/11/01/f62dec36-477b-4460-ae41-5b7a7929e4da/SCDdKxoa.jpg,https://www.bcci.tv/articles/1970/news/98865/,Cricket
Rohit Sharma rested from India A’s four-day match,,-,international,men,Rohit Sharma,,https://www.bcci.tv/articles/1970/news/126129/,Cricket
Rohit Sharma undergoes surgery in London,,-,international,men,Rohit Sharma,https://assets.bcci.tv/test/bcci/photo/2018/11/01/f65aa956-462d-44a9-8ba5-7fbbafd523eb/GBFOwjuk.jpg,https://www.bcci.tv/articles/1970/news/98242/,Cricket
Play till the end & finish the game: Shivam Dube's learning from MS Dhoni,"31st Jul, 2023",15900,international,men,MS Dhoni,https://bcciplayerimages.s3.ap-south-1.amazonaws.com/resizedimageskirti/3588749423001/e86252c9-bc87-4780-891e-982b3a101b8f/3832f931-09d9-4cba-b9d9-6a0c0b94fa3b/1280x720/match/image_compress.jpeg,https://www.bcci.tv/bccilink/videos/mKC4RjwD,Cricket
I have always admired MS Dhoni’s finishing skills with the bat - Richa Ghosh,"13th Dec, 2022",1500,international,men,MS Dhoni,https://bcciplayerimages.s3.ap-south-1.amazonaws.com/resizedimageskirti/3588749423001/188fa175-904d-4372-905d-a36a71f139e0/c1657ee3-c53c-4eb2-889a-85dcadff474b/1280x720/match/image_compress.jpeg,https://www.bcci.tv/bccilink/videos/8RUbCKF2,Cricket
Spirit of Cricket: An MS Dhoni and Virat Kohli Special,"5th Feb, 2021",95100,international,men,MS Dhoni,https://bcciplayerimages.s3.ap-south-1.amazonaws.com/resizedimageskirti/MS-Dhoni-and-Virat-Kohli-Special_compress.jpeg,https://www.bcci.tv/bccilink/videos/Grj2oTTA,Cricket
Thank you MS Dhoni,"16th Aug, 2020",277900,international,men,MS Dhoni,https://bcciplayerimages.s3.ap-south-1.amazonaws.com/resizedimageskirti/thankyou-msdhoni-thumbnail_compress.jpeg,https://www.bcci.tv/bccilink/videos/3FAQoXZa,Cricket
"Ind v Aus, 2013, 1st Test: MS Dhoni's swashbuckling 224","29th Jun, 2020",8000,international,men,MS Dhoni,https://bcciplayerimages.s3.ap-south-1.amazonaws.com/resizedimageskirti/UZzzYZOz_compress.jpeg,https://www.bcci.tv/bccilink/videos/WS3is9G4,Cricket
Stumping + Catch = A MS Dhoni special,"6th Jul, 2019",35800,international,men,MS Dhoni,https://bcciplayerimages.s3.ap-south-1.amazonaws.com/resizedimageskirti/ocOFmGkv_compress.jpeg,https://www.bcci.tv/bccilink/videos/DzVtvAHl,Cricket
 A legend called MS Dhoni,"6th Jul, 2019",51600,international,men,MS Dhoni,https://bcciplayerimages.s3.ap-south-1.amazonaws.com/resizedimageskirti/JpTxuvjA_compress.jpeg,https://www.bcci.tv/bccilink/videos/pwwxtXZv,Cricket
We have full faith in MS Dhoni: Virat,"29th Jun, 2019",22700,international,men,MS Dhoni,https://bcciplayerimages.s3.ap-south-1.amazonaws.com/resizedimageskirti/TFYaiHaW_compress.jpeg,https://www.bcci.tv/bccilink/videos/4XEy9Mcx,Cricket
MS Dhoni's magic moments in Manchester ,"28th Jun, 2019",83300,international,men,MS Dhoni,https://bcciplayerimages.s3.ap-south-1.amazonaws.com/resizedimageskirti/rNnzGerm_compress.jpeg,https://www.bcci.tv/bccilink/videos/74XL8mul,Cricket
MS Dhoni's innings & catch was outstanding: Bumrah ,"27th Jun, 2019",119500,international,men,MS Dhoni,https://bcciplayerimages.s3.ap-south-1.amazonaws.com/resizedimageskirti/KGrHXRTx_compress.jpeg,https://www.bcci.tv/bccilink/videos/5PJVVgxl,Cricket
Tributes pour in for MS Dhoni,"17th Aug, 2020",-,international,men,MS Dhoni,https://assets.bcci.tv/bcci/photo/2020/08/17/2e97c5f7-df7c-4b32-80ff-e09a1c1e412c/AW1G9205.JPG,https://www.bcci.tv/articles/2020/news/147361/tributes-pour-in-for-ms-dhoni,Cricket
MS Dhoni retires from international cricket,"15th Aug, 2020",-,international,men,MS Dhoni,https://assets.bcci.tv/bcci/photo/2020/08/15/0073b891-92e1-485a-812a-60b6525ae8b0/132021548601.jpg,https://www.bcci.tv/articles/2020/news/147351/ms-dhoni-retires-from-international-cricket,Cricket
"The Virat, MS Dhoni and Anil Kumble huddle","1st Jan, 1970",-,international,men,MS Dhoni,https://assets.bcci.tv/test/bcci/photo/2018/11/01/4da32493-f26a-4c53-a1d9-c9bb37a9f58c/WRdWfhny.jpg,https://www.bcci.tv/articles/1970/news/98277/the-virat-ms-dhoni-and-anil-kumble-huddle,Cricket
Young all-rounders excite MS Dhoni,,-,international,men,MS Dhoni,https://assets.bcci.tv/test/bcci/photo/2018/11/01/137e95a1-137d-4ce9-80d0-515ccc5424c9/RvuuSoxO.jpg,https://www.bcci.tv/articles/1970/news/97173/,Cricket
Parthiv Patel named as MS Dhoni's back-up,,-,international,men,MS Dhoni,https://assets.bcci.tv/test/bcci/photo/2018/11/01/8a5e3ee6-7351-4565-a200-16a75e39f527/uavELVgS.jpg,https://www.bcci.tv/articles/1970/news/98096/,Cricket
Learnt a lot from MS Dhoni during IPL: Shardul Thakur,,-,international,men,MS Dhoni,https://assets.bcci.tv/test/bcci/photo/2018/11/01/5eaa8f87-ac01-4cc9-8454-0a5722a5881a/SFHTqKwW.jpg,https://www.bcci.tv/articles/1970/news/99611/,Cricket
MS Dhoni steps down as India's limited overs captain,,-,international,men,MS Dhoni,https://assets.bcci.tv/test/bcci/photo/2018/11/01/9b6120f3-afe5-4f1f-b3e7-66bb017d5941/iCeIygwZ.jpg,https://www.bcci.tv/articles/1970/news/99131/,Cricket
MS Dhoni to represent Pune based franchise,,-,international,men,MS Dhoni,https://assets.bcci.tv/test/bcci/photo/2018/11/01/36dc179d-1afe-4010-bcd0-b68ddaead016/fzDbGvKJ.jpg,https://www.bcci.tv/articles/1970/news/97324/,Cricket
"On the day he guided India to World Cup, MS Dhoni presented with Padma Bhushan",,-,international,men,MS Dhoni,https://assets.bcci.tv/test/bcci/photo/2018/11/01/3577becc-a0f6-403d-941c-ba36ca98c3df/OWYUPyXD.jpg,https://www.bcci.tv/articles/1970/news/100087/,Cricket
Different experience to lead a young team: MS Dhoni,,-,international,men,MS Dhoni,https://assets.bcci.tv/test/bcci/photo/2018/11/01/c242d812-333e-4e68-a5ad-6178491a20ff/fiQqJyPx.jpg,https://www.bcci.tv/articles/1970/news/97719/,Cricket
SOURAV GANGULY MASTERCLASS,"8th Sep, 2015",204,international,men,Sourav Ganguly,https://bcciplayerimages.s3.ap-south-1.amazonaws.com/resizedimageskirti/xjlXqImd_compress.jpeg,https://www.bcci.tv/bccilink/videos/Dyx2coze,Cricket
#ThankYouSachin: Sourav Ganguly on Tendulkar,"19th Aug, 2014",370,international,men,Sourav Ganguly,https://bcciplayerimages.s3.ap-south-1.amazonaws.com/resizedimageskirti/EhDGYsxM_compress.jpeg,https://www.bcci.tv/bccilink/videos/SkhoHs8m,Cricket
Mr. Sourav Ganguly elected President of BCCI,"23rd Oct, 2019",-,international,men,Sourav Ganguly,https://assets.bcci.tv/bcci/photo/2019/10/23/5a8ba491-bdc1-408d-92c8-73c6ba426900/20191023_140243.jpg,https://www.bcci.tv/articles/2019/news/135676/,Cricket
"IND vs ENG 2024, 5TH Test: Ravindra Jadeja Wicket","8th Mar, 2024",5800,international,men,Ravindra Jadeja,https://brightcoveimagecompression.s3.ap-south-1.amazonaws.com/output/input/6348474666112-1709893471.jpg,https://www.bcci.tv/bccilink/videos/Y5GJjVHX,Cricket
"IND vs ENG 2024, 4TH Test: Ravindra Jadeja Wicket","26th Feb, 2024",6400,international,men,Ravindra Jadeja,https://brightcoveimagecompression.s3.ap-south-1.amazonaws.com/output/input/6347664036112-1708930760.jpg,https://www.bcci.tv/bccilink/videos/G5XdUHrP,Cricket
"IND vs ENG 2024, 4TH Test: Ravindra Jadeja Wicket","24th Feb, 2024",5500,international,men,Ravindra Jadeja,https://brightcoveimagecompression.s3.ap-south-1.amazonaws.com/output/input/6347538608112-1708765654.jpg,https://www.bcci.tv/bccilink/videos/g8wHcxQ0,Cricket
"IND vs ENG 2024, 4TH Test: Ravindra Jadeja Six","24th Feb, 2024",2400,international,men,Ravindra Jadeja,https://brightcoveimagecompression.s3.ap-south-1.amazonaws.com/output/input/6347538880112-1708765051.jpg,https://www.bcci.tv/bccilink/videos/oqew1eFf,Cricket
"IND vs ENG 2024, 4TH Test: Ravindra Jadeja Six","24th Feb, 2024",1800,international,men,Ravindra Jadeja,https://brightcoveimagecompression.s3.ap-south-1.amazonaws.com/output/input/6347540257112-1708765444.jpg,https://www.bcci.tv/bccilink/videos/rDmdky2F,Cricket
Ravindra Jadeja's economical 4/67 in Ranchi,"24th Feb, 2024",3300,international,men,Ravindra Jadeja,https://brightcoveimagecompression.s3.ap-south-1.amazonaws.com/output/input/6347531446112-1708862165.jpg,https://www.bcci.tv/bccilink/videos/h0wptBkK,Cricket
Ravindra Jadeja claims a FIFER on his home ground,"18th Feb, 2024",16400,international,men,Ravindra Jadeja,https://brightcoveimagecompression.s3.ap-south-1.amazonaws.com/output/input/6347151580112-1708761366.jpg,https://www.bcci.tv/bccilink/videos/8X3URTfJ,Cricket
"IND vs ENG 2024, 3RD Test, Day 03: Ravindra Jadeja Interview","17th Feb, 2024",1400,international,men,Ravindra Jadeja,https://brightcoveimagecompression.s3.ap-south-1.amazonaws.com/output/input/6347060179112-1708140558.jpg,https://www.bcci.tv/bccilink/videos/1Lunegpi,Cricket
Local lad Ravindra Jadeja shines in Rajkot with 112(225),"16th Feb, 2024",3700,international,men,Ravindra Jadeja,https://brightcoveimagecompression.s3.ap-south-1.amazonaws.com/output/input/6346982366112-1708164567.jpg,https://www.bcci.tv/bccilink/videos/22saK8QS,Cricket
"IND vs ENG 2024, 3RD Test: Ravindra Jadeja Wicket","16th Feb, 2024",4900,international,men,Ravindra Jadeja,https://brightcoveimagecompression.s3.ap-south-1.amazonaws.com/output/input/6346982347112-1708057764.jpg,https://www.bcci.tv/bccilink/videos/1ofhTewJ,Cricket
Ravindra Jadeja & KL Rahul ruled out of the second Test,"29th Jan, 2024",-,international,men,Ravindra Jadeja,https://assets.bcci.tv/bcci/articles/1706526202_Website%20Thumbnail%20%281%29.png,https://www.bcci.tv/articles/2024/news/55556091/ravindra-jadeja-kl-rahul-ruled-out-of-the-second-test,Cricket
Axar Patel replaces Ravindra Jadeja in Asia Cup squad,"2nd Sep, 2022",-,international,men,Ravindra Jadeja,https://assets.bcci.tv/bcci/articles/1662111147__AI_8056.JPG,https://www.bcci.tv/articles/2022/news/55555920/axar-patel-replaces-ravindra-jadeja-in-asia-cup-squad,Cricket
Ravindra Jadeja ruled out of first two ODIs against West Indies,"22nd Jul, 2022",-,international,men,Ravindra Jadeja,https://assets.bcci.tv/bcci/articles/1658504860_1408675313.jpg,https://www.bcci.tv/articles/2022/news/55555901/ravindra-jadeja-ruled-out-of-first-two-odis-against-west-indies,Cricket
Ravindra Jadeja ruled out of Border-Gavaskar Test series,"11th Jan, 2021",-,international,men,Ravindra Jadeja,https://assets.bcci.tv/bcci/photo/2021/01/11/e629a17b-1440-43b5-99cd-1867aacc5a9e/GettyImages-1295407425-1-.jpg,https://www.bcci.tv/articles/2021/news/147788/ravindra-jadeja-ruled-out-of-border-gavaskar-test-series,Cricket
"Ravindra Jadeja ruled out, Shardul Thakur added to India's T20I squad","4th Dec, 2020",-,international,men,Ravindra Jadeja,https://assets.bcci.tv/bcci/photo/2020/12/04/044ed6a7-b611-49f8-9f8d-b5b44206a3b5/GettyImages-1289346457.jpg,https://www.bcci.tv/articles/2020/news/147496/ravindra-jadeja-ruled-out-shardul-thakur-added-to-team-india-squad-for-t20i-series-against-australia,Cricket
BCCI congratulates Poonam Yadav and Ravindra Jadeja for receiving Arjuna Awards,"30th Aug, 2019",-,international,men,Ravindra Jadeja,https://assets.bcci.tv/bcci/photo/2019/08/30/6f86f4fc-2dfd-4b72-82a6-22d6560d033d/Poonam-Yadav-Arjuna-Awards.jpg,https://www.bcci.tv/articles/2019/news/130362/,Cricket
Ravindra Jadeja to replace injured Axar Patel,,-,international,men,Ravindra Jadeja,https://assets.bcci.tv/test/bcci/photo/2018/11/01/04da3002-7d7b-42e3-ab52-ca8f438d34f9/JCGLkNpH.jpg,https://www.bcci.tv/articles/1970/news/99573/,Cricket
Status of Mr. Ravindra Jadeja’s availability for third Test in Melbourne,,-,international,men,Ravindra Jadeja,https://assets.bcci.tv/bcci/photo/2019/05/30/ded623fc-4455-4ae5-a483-420a73e80eec/CeJeAWyD.jpg,https://www.bcci.tv/articles/1970/news/126232/,Cricket
Axar Patel to replace Ravindra Jadeja for 3rd Test,,-,international,men,Ravindra Jadeja,https://assets.bcci.tv/test/bcci/photo/2018/11/01/5697daa8-0df6-4fd9-8168-bd2bc0397e42/JwkjZipb.jpg,https://www.bcci.tv/articles/1970/news/99674/,Cricket
R Ashwin to replace injured Ravindra Jadeja,,-,international,men,Ravindra Jadeja,https://assets.bcci.tv/test/bcci/photo/2018/11/01/4bc52c01-00d9-47fb-8eab-adff166f05d3/qUGEjFCa.jpg,https://www.bcci.tv/articles/1970/news/100111/,Cricket
"IND vs ENG 2024, 5TH Test: Jasprit Bumrah Wicket","9th Mar, 2024",4100,international,men,Jasprit Bumrah,https://brightcoveimagecompression.s3.ap-south-1.amazonaws.com/output/input/6348539688112-1710158071.jpg,https://www.bcci.tv/bccilink/videos/Mhf1fRgF,Cricket
"IND vs ENG 2024, 5TH Test, Day 01: Jasprit Bumrah Interview","7th Mar, 2024",2400,international,men,Jasprit Bumrah,https://brightcoveimagecompression.s3.ap-south-1.amazonaws.com/output/input/6348364110112-1709782598.jpg,https://www.bcci.tv/bccilink/videos/DEL5C2Ul,Cricket
"IND vs ENG 2024, 3RD Test: Jasprit Bumrah Wicket","16th Feb, 2024",2200,international,men,Jasprit Bumrah,https://brightcoveimagecompression.s3.ap-south-1.amazonaws.com/output/input/6347000815112-1708071889.jpg,https://www.bcci.tv/bccilink/videos/GfJWpB6c,Cricket
"IND vs ENG 2024, 3RD Test: Jasprit Bumrah Six","16th Feb, 2024",3500,international,men,Jasprit Bumrah,https://brightcoveimagecompression.s3.ap-south-1.amazonaws.com/output/input/6346999511112-1708069941.jpg,https://www.bcci.tv/bccilink/videos/8pGcjDOt,Cricket
"IND vs ENG 2024, 3RD Test, Day 01: Jasprit Bumrah Interview","15th Feb, 2024",793,international,men,Jasprit Bumrah,https://brightcoveimagecompression.s3.ap-south-1.amazonaws.com/output/input/6346908025112-1707967283.jpg,https://www.bcci.tv/bccilink/videos/Xn4kTycC,Cricket
"IND vs ENG 2024, 2ND Test: Jasprit Bumrah Wicket","4th Feb, 2024",1300,international,men,Jasprit Bumrah,https://bcciplayerimages.s3.ap-south-1.amazonaws.com/resizedimageskirti/3588749423001/121f6f9c-3279-4474-852c-6e355e6fa5b4/d88bdaa7-ed62-44ef-b3e0-da1ee9a75d0d/1280x720/match/image_compress.jpeg,https://www.bcci.tv/bccilink/videos/o3moBZTg,Cricket
Jasprit Bumrah decodes a milestone-filled day in Vizag,"3rd Feb, 2024",21400,international,men,Jasprit Bumrah,https://bcciplayerimages.s3.ap-south-1.amazonaws.com/resizedimageskirti/3588749423001/63d0579c-17ec-4efc-bf48-5f94d77973e8/5eb9256e-f237-45e8-9c02-a33802f3529b/1280x720/match/image_compress.jpeg,https://www.bcci.tv/bccilink/videos/4FfKeZmB,Cricket
You love to take responsibility and want to do the important job: Jasprit Bumrah,"3rd Feb, 2024",6100,international,men,Jasprit Bumrah,https://bcciplayerimages.s3.ap-south-1.amazonaws.com/resizedimageskirti/3588749423001/0d8791d3-2ad2-4c85-8c4c-ea8687eeb79b/8d3c0455-74a2-446f-b154-77966abf6234/1280x720/match/image_compress.jpeg,https://www.bcci.tv/bccilink/videos/LZj35ja5,Cricket
"IND vs ENG 2024, 2ND Test, Day 02: Jasprit Bumrah Interview","3rd Feb, 2024",6400,international,men,Jasprit Bumrah,https://bcciplayerimages.s3.ap-south-1.amazonaws.com/resizedimageskirti/3588749423001/4edcba13-c077-4802-9042-69978e99bdd9/b6eca55d-0ae2-4582-a1ac-f60339136463/1280x720/match/image_compress.jpeg,https://www.bcci.tv/bccilink/videos/692jjSU9,Cricket
Precious & Eye-Pleasing: Jasprit Bumrah's Vital Vizag spell,"3rd Feb, 2024",27200,international,men,Jasprit Bumrah,https://bcciplayerimages.s3.ap-south-1.amazonaws.com/resizedimageskirti/3588749423001/20829449-7e00-41f5-87e9-c7b56fa550cf/d3cb30c0-9dc9-4df3-83b3-1bd9cd8bebf9/1280x720/match/image_compress.jpeg,https://www.bcci.tv/bccilink/videos/Bt0e2lAS,Cricket
Jasprit Bumrah released from squad for 4th Test,"20th Feb, 2024",-,international,men,Jasprit Bumrah,https://assets.bcci.tv/bcci/articles/1708446512__AI_9335.jpg,https://www.bcci.tv/articles/2024/news/55556101/jasprit-bumrah-released-from-squad-for-4th-test,Cricket
"Jasprit Bumrah creates history, becomes first Indian pacer to top ICC Test Rankings","7th Feb, 2024",-,international,men,Jasprit Bumrah,https://assets.bcci.tv/bcci/articles/1707310029_Bumrah_1920x1080.png,https://www.bcci.tv/articles/2024/news/55556094/jasprit-bumrah-creates-history-becomes-first-indian-pacer-to-top-icc-test-rankings,Cricket
Medical Update: Jasprit Bumrah and Shreyas Iyer,"15th Apr, 2023",-,international,men,Jasprit Bumrah,https://assets.bcci.tv/bcci/articles/1681546592_Green%20Yellow%20Simple%20World%20Travel%20YouTube%20Thumbnail.png,https://www.bcci.tv/articles/2023/news/55556000/medical-update-jasprit-bumrah-and-shreyas-iyer,Cricket
Jasprit Bumrah ruled out of 3-match ODI series,"9th Jan, 2023",-,international,men,Jasprit Bumrah,https://assets.bcci.tv/bcci/articles/1673245621_1408690065.jpeg,https://www.bcci.tv/articles/2023/news/55555973/jasprit-bumrah-ruled-out-of-3-match-odi-series,Cricket
Jasprit Bumrah included in ODI squad for Sri Lanka series,"3rd Jan, 2023",-,international,men,Jasprit Bumrah,https://assets.bcci.tv/bcci/articles/1672738455_WhatsApp%20Image%202023-01-03%20at%202.57.03%20PM.jpeg,https://www.bcci.tv/articles/2023/news/55555967/jasprit-bumrah-included-in-odi-squad-for-sri-lanka-series,Cricket
Jasprit Bumrah ruled out of ICC Men’s T20 World Cup 2022,"3rd Oct, 2022",-,international,men,Jasprit Bumrah,https://assets.bcci.tv/bcci/articles/1664808474_GHAZI_1474%20%281%29.jpg,https://www.bcci.tv/articles/2022/news/55555936/jasprit-bumrah-ruled-out-of-icc-men-s-t20-world-cup-2022,Cricket
Mohd. Siraj replaces injured Jasprit Bumrah in T20I squad,"30th Sep, 2022",-,international,men,Jasprit Bumrah,https://assets.bcci.tv/bcci/articles/1664508880_3DMODI1807.JPG,https://www.bcci.tv/articles/2022/news/55555934/mohd-siraj-replaces-injured-jasprit-bumrah-in-t20i-squad,Cricket
Jasprit Bumrah to lead India in 5th Test,"30th Jun, 2022",-,international,men,Jasprit Bumrah,https://assets.bcci.tv/bcci/articles/1656593509_44416f0a-9b11-4ba4-9e0e-7db220fd2026.jpg,https://www.bcci.tv/articles/2022/news/55555896/jasprit-bumrah-to-lead-india-in-5th-test,Cricket
Jasprit Bumrah released from India’s squad,"27th Feb, 2021",-,international,men,Jasprit Bumrah,https://assets.bcci.tv/bcci/photo/2021/02/27/6f792e2c-9f02-4b6c-a70d-3c076dc97452/_AI_6480.JPG,https://www.bcci.tv/articles/2021/news/150917/jasprit-bumrah-released-from-indias-squad,Cricket
Jasprit Bumrah set to receive Polly Umrigar Award,"12th Jan, 2020",-,international,men,Jasprit Bumrah,https://assets.bcci.tv/bcci/photo/2020/01/11/01773aaf-3f13-42c6-bd95-40ab5760aa47/INSL3_846.JPG,https://www.bcci.tv/articles/2020/news/143722/,Cricket
Vijay Hazare Trophy 2023 SF1: Yuvraj Singh's opening act of 65(79),"13th Dec, 2023",443,international,men,Yuvraj Singh,https://bcciplayerimages.s3.ap-south-1.amazonaws.com/resizedimageskirti/3588749423001/06c7d92d-a472-4ede-b96d-f36ade6f838e/ee4a67ac-bf2a-4a18-97c9-af99d8e70827/1280x720/match/image_compress.jpeg,https://www.bcci.tv/bccilink/videos/pXhr0duA,Cricket
"After 5th SIX, Yuvraj Singh's name Crossed my mind - Ruturaj","29th Nov, 2022",20000,international,men,Yuvraj Singh,https://bcciplayerimages.s3.ap-south-1.amazonaws.com/resizedimageskirti/3588749423001/7603b292-49e7-43d1-9eb1-30b5c281d21b/ea2c4fab-b4c6-4805-8da1-82bbd4f5d62e/1280x720/match/image_compress.jpeg,https://www.bcci.tv/bccilink/videos/UeJ3UzOk,Cricket
Syed Mushtaq Ali Trophy 2022: Yuvraj Singh stars with 4/20 for Railways,"20th Oct, 2022",788,international,men,Yuvraj Singh,https://bcciplayerimages.s3.ap-south-1.amazonaws.com/resizedimageskirti/3588749423001/5f9f542c-012b-4e1e-af13-d33757843302/91fc965e-dc66-4b8f-af77-b01cfcc480a4/1280x720/match/image_compress.jpeg,https://www.bcci.tv/bccilink/videos/o6yqqP39,Cricket
Syed Mushtaq Ali Trophy 2022: Shaw & Rahane: Railways pacer Yuvraj Singh's twin strikes in an over,"20th Oct, 2022",648,international,men,Yuvraj Singh,https://bcciplayerimages.s3.ap-south-1.amazonaws.com/resizedimageskirti/3588749423001/87eaf547-d927-4653-a590-c972737c1312/0f727686-3d62-48d7-8340-5809e23f61b6/1280x720/match/image_compress.jpeg,https://www.bcci.tv/bccilink/videos/xjE6PcLb,Cricket
Congratulations in order for Yuvraj Singh's No.300 ,"15th Jun, 2017",91700,international,men,Yuvraj Singh,https://bcciplayerimages.s3.ap-south-1.amazonaws.com/resizedimageskirti/EaScmXWH_compress.jpeg,https://www.bcci.tv/bccilink/videos/5XVwhfql,Cricket
Yuvraj Singh reflects on his ODI journey,"14th Jun, 2017",27400,international,men,Yuvraj Singh,https://bcciplayerimages.s3.ap-south-1.amazonaws.com/resizedimageskirti/RYeichQE_compress.jpeg,https://www.bcci.tv/bccilink/videos/e5M55qJM,Cricket
"Couch talk with MS Dhoni, Yuvraj Singh & Rohit Sharma","8th Jun, 2017",4100,international,men,Yuvraj Singh,https://bcciplayerimages.s3.ap-south-1.amazonaws.com/resizedimageskirti/SYzwvDCs_compress.jpeg,https://www.bcci.tv/bccilink/videos/zmtazkx0,Cricket
Yuvraj Singh turns reporter ,"1st Feb, 2017",691700,international,men,Yuvraj Singh,https://bcciplayerimages.s3.ap-south-1.amazonaws.com/resizedimageskirti/CvtwDtCC_compress.jpeg,https://www.bcci.tv/bccilink/videos/8EyAILEZ,Cricket
"IND vs ENG 2017, 3rd T20I : Yuvraj Singh & Amit Mishra Interview","1st Feb, 2017",39200,international,men,Yuvraj Singh,https://bcciplayerimages.s3.ap-south-1.amazonaws.com/resizedimageskirti/muukwAXs_compress.jpeg,https://www.bcci.tv/bccilink/videos/KmaPx1t1,Cricket
"IND vs ENG 2017, 3rd T20I : Yuvraj Singh Wicket","1st Feb, 2017",2300,international,men,Yuvraj Singh,https://bcciplayerimages.s3.ap-south-1.amazonaws.com/resizedimageskirti/MzPuOdmR_compress.jpeg,https://www.bcci.tv/bccilink/videos/L3rmVjxj,Cricket
Yuvraj Singh making steady progress,,-,international,men,Yuvraj Singh,https://assets.bcci.tv/test/bcci/photo/2018/11/01/2f2db5fc-31c5-4563-b050-890185f6afd4/OPKjkxDw.jpg,https://www.bcci.tv/articles/1970/news/98783/,Cricket
"Thank you, Mr. Tendulkar: Yuvraj Singh",,-,international,men,Yuvraj Singh,https://assets.bcci.tv/test/bcci/photo/2018/11/01/0e87688a-035c-4144-a93e-dc4de4b78c61/irlVWlwB.jpg,https://www.bcci.tv/articles/1970/news/99090/,Cricket
More important to see the team through: Yuvraj Singh,,-,international,men,Yuvraj Singh,https://assets.bcci.tv/test/bcci/photo/2018/11/01/83ddd1be-8397-40b1-8db0-ecf89c19b3ca/iyHTIrLF.jpg,https://www.bcci.tv/articles/1970/news/98310/,Cricket
Manish Pandey to replace injured Yuvraj Singh,,-,international,men,Yuvraj Singh,https://assets.bcci.tv/test/bcci/photo/2018/11/01/1dcedbb2-559e-41ea-b439-2d53af0abc4c/iObKEtXq.jpg,https://www.bcci.tv/articles/1970/news/97878/,Cricket
Want to win matches for India again: Yuvraj Singh,,-,international,men,Yuvraj Singh,https://assets.bcci.tv/test/bcci/photo/2018/11/01/b4c208cc-5ff6-4dc3-8a07-11a19c654ffb/XYfwkKhD.jpg,https://www.bcci.tv/articles/1970/news/97278/,Cricket
It was a great team effort: Yuvraj Singh,,-,international,men,Yuvraj Singh,https://assets.bcci.tv/test/bcci/photo/2018/10/31/b1bdd403-519c-43e1-9875-06ca3440d045/VBlWPWOd.jpg,https://www.bcci.tv/articles/1970/news/92776/,Cricket
Harbhajan Singh lauds India's bowling performance,"4th Aug, 2018",4900,international,men,Harbhajan Singh,https://bcciplayerimages.s3.ap-south-1.amazonaws.com/resizedimageskirti/JKMNIHuO_compress.jpeg,https://www.bcci.tv/bccilink/videos/4xcJK7wE,Cricket
Harbhajan Singh Interview,"4th Aug, 2018",0,international,men,Harbhajan Singh,https://bcciplayerimages.s3.ap-south-1.amazonaws.com/resizedimageskirti/RBlyaTHT_compress.jpeg,https://www.bcci.tv/bccilink/videos/ppbLCNmJ,Cricket
BCCI President Anurag Thakur & Harbhajan Singh celebrate International Yoga day,"21st Jun, 2016",693,international,men,Harbhajan Singh,https://bcciplayerimages.s3.ap-south-1.amazonaws.com/resizedimageskirti/ldmzcwmp_compress.jpeg,https://www.bcci.tv/bccilink/videos/EhQw6APL,Cricket
"ICC WT20, 2016: Harbhajan Singh Interview","27th Mar, 2016",24000,international,men,Harbhajan Singh,https://bcciplayerimages.s3.ap-south-1.amazonaws.com/resizedimageskirti/gcHYpCAk_compress.jpeg,https://www.bcci.tv/bccilink/videos/41OA9orJ,Cricket
"ICC WT20, 2016: Harbhajan Singh Interview","18th Mar, 2016",6700,international,men,Harbhajan Singh,https://bcciplayerimages.s3.ap-south-1.amazonaws.com/resizedimageskirti/xbYdWhwe_compress.jpeg,https://www.bcci.tv/bccilink/videos/d8CDh4rx,Cricket
"ICC WT20, 2016: Pre-Tournament PC Harbhajan Singh","8th Mar, 2016",3800,international,men,Harbhajan Singh,https://bcciplayerimages.s3.ap-south-1.amazonaws.com/resizedimageskirti/EIkoPYKj_compress.jpeg,https://www.bcci.tv/bccilink/videos/sFgGwTtY,Cricket
"India's tour of Australia, 2016: Harbhajan Singh interviews Virat Kohli","31st Jan, 2016",129800,international,men,Harbhajan Singh,https://bcciplayerimages.s3.ap-south-1.amazonaws.com/resizedimageskirti/sTKUhcSZ_compress.jpeg,https://www.bcci.tv/bccilink/videos/Iv0Th5lf,Cricket
5TH ODI: IND vs SA – Harbhajan Singh Wicket,"25th Oct, 2015",218,international,men,Harbhajan Singh,https://bcciplayerimages.s3.ap-south-1.amazonaws.com/resizedimageskirti/DsgSDaCF_compress.jpeg,https://www.bcci.tv/bccilink/videos/3gpOYvLW,Cricket
4TH ODI: IND vs SA  –   Interview – Harbhajan Singh,"22nd Oct, 2015",1200,international,men,Harbhajan Singh,https://bcciplayerimages.s3.ap-south-1.amazonaws.com/resizedimageskirti/aWQBdgKs_compress.jpeg,https://www.bcci.tv/bccilink/videos/Nrdp5AL0,Cricket
4TH ODI: IND vs SA – Harbhajan Singh Wicket,"22nd Oct, 2015",437,international,men,Harbhajan Singh,https://bcciplayerimages.s3.ap-south-1.amazonaws.com/resizedimageskirti/KEBiUaDK_compress.jpeg,https://www.bcci.tv/bccilink/videos/blV4okr2,Cricket
Harbhajan Singh announces retirement from all forms of cricket,"24th Dec, 2021",-,international,men,Harbhajan Singh,https://assets.bcci.tv/bcci/articles/1640366897_GS1F6493-1-.webp,https://www.bcci.tv/articles/2021/news/5555841/harbhajan-singh-announces-retirement-from-all-forms-of-cricket,Cricket
Harbhajan Singh leads from the front with a 10-wicket match haul,,-,international,men,Harbhajan Singh,https://assets.bcci.tv/test/bcci/photo/2018/11/01/0a469d76-8607-42ac-b7dd-7ef44168249f/hkGUhBWx.jpg,https://www.bcci.tv/articles/1970/news/97436/,Cricket
Harbhajan Singh included in ODI squad,,-,international,men,Harbhajan Singh,https://assets.bcci.tv/test/bcci/photo/2018/11/01/90999962-fc59-4b82-8cdc-c13a71c2bb23/dcJwGWoT.jpg,https://www.bcci.tv/articles/1970/news/96746/,Cricket
Know your stars – Harbhajan Singh,,-,international,men,Harbhajan Singh,https://assets.bcci.tv/test/bcci/photo/2018/11/01/1061d540-87e7-4d84-8d59-3f90f7fcbc71/KIaAaQAd.jpg,https://www.bcci.tv/articles/1970/news/95848/,Cricket
The story of Harbhajan Singh’s comeback,,-,international,men,Harbhajan Singh,https://assets.bcci.tv/test/bcci/photo/2018/11/01/82cced1a-a058-41e2-a11d-e62636e2b257/isBoLSiG.jpg,https://www.bcci.tv/articles/1970/news/95917/,Cricket
"T20 Zonal League, 2016-17 : NZ vs WZ –  Irfan Pathan Interview","13th Feb, 2017",5700,international,men,Irfan Pathan,https://bcciplayerimages.s3.ap-south-1.amazonaws.com/resizedimageskirti/kbvRHpcX_compress.jpeg,https://www.bcci.tv/bccilink/videos/QeF73h6b,Cricket
Irfan Pathan and Parthiv Patel excited about Pink ball cricket,"23rd Jun, 2016",3000,international,men,Irfan Pathan,https://bcciplayerimages.s3.ap-south-1.amazonaws.com/resizedimageskirti/ASbviAsz_compress.jpeg,https://www.bcci.tv/bccilink/videos/Qpb9sbyV,Cricket
Syed Mushtaq Ali Trophy:  Irfan Pathan - Interview,"16th Jan, 2016",6400,international,men,Irfan Pathan,https://bcciplayerimages.s3.ap-south-1.amazonaws.com/resizedimageskirti/etbsTKTV_compress.jpeg,https://www.bcci.tv/bccilink/videos/9FYZtMuZ,Cricket
Our fielding made a big impact: Irfan Pathan,,-,international,men,Irfan Pathan,https://assets.bcci.tv/test/bcci/photo/2018/11/01/17e469d6-7940-4b3a-be99-61aef1717cc5/mMhCtCIC.jpg,https://www.bcci.tv/articles/1970/news/99003/,Cricket
Irfan Pathan shines yet again as Baroda continue winning run,,-,international,men,Irfan Pathan,https://assets.bcci.tv/test/bcci/photo/2018/11/01/766227cc-168a-4d3d-881f-5a215e8b9f0c/vTapVRUT.jpg,https://www.bcci.tv/articles/1970/news/97157/,Cricket
Irfan Pathan’s maiden five-for hands Baroda thumping win,,-,international,men,Irfan Pathan,https://assets.bcci.tv/test/bcci/photo/2018/11/01/a1257388-a4a3-4af6-80ed-b0fc9dc317e7/XIGaAGTo.jpg,https://www.bcci.tv/articles/1970/news/97219/,Cricket
Irfan Pathan ruled out of WI tri-series,,-,international,men,Irfan Pathan,https://assets.bcci.tv/test/bcci/photo/2018/10/31/121c2518-3b0d-48d8-9085-353e820df37d/XFnWtGtO.jpg,https://www.bcci.tv/articles/1970/news/73018/,Cricket
It’s good to be back: Irfan Pathan,,-,international,men,Irfan Pathan,https://assets.bcci.tv/test/bcci/photo/2018/10/31/d649ff97-68c9-4837-9019-4d7388d76ac1/CMURdTuK.jpg,https://www.bcci.tv/articles/1970/news/92748/,Cricket
Zaheer Khan & Glenn Maxwell pledge by MCC's Spirit of cricket,"15th Apr, 2017",3400,international,men,Zaheer Khan,https://bcciplayerimages.s3.ap-south-1.amazonaws.com/resizedimageskirti/FPFQemZF_compress.jpeg,https://www.bcci.tv/bccilink/videos/AUHGb90A,Cricket
5TH ODI: IND vs SA  –  Zaheer Khan Felicitation Ceremony,"25th Oct, 2015",62000,international,men,Zaheer Khan,https://bcciplayerimages.s3.ap-south-1.amazonaws.com/resizedimageskirti/rBnACQHo_compress.jpeg,https://www.bcci.tv/bccilink/videos/r1FeCB2Y,Cricket
Zaheer Khan's special performance in the 2011 WC final,"16th Oct, 2015",5000,international,men,Zaheer Khan,https://bcciplayerimages.s3.ap-south-1.amazonaws.com/resizedimageskirti/AwiKNyWp_compress.jpeg,https://www.bcci.tv/bccilink/videos/XRS4w3ri,Cricket
Zaheer Khan's 3-wicket haul against West Indies in 2011 WC,"16th Oct, 2015",2800,international,men,Zaheer Khan,https://bcciplayerimages.s3.ap-south-1.amazonaws.com/resizedimageskirti/MaTWGeVj_compress.jpeg,https://www.bcci.tv/bccilink/videos/Gm0Dx75O,Cricket
Zaheer Khan's 5-wicket haul against Sri Lanka in 2007,"16th Oct, 2015",3500,international,men,Zaheer Khan,https://bcciplayerimages.s3.ap-south-1.amazonaws.com/resizedimageskirti/ccoHVwiP_compress.jpeg,https://www.bcci.tv/bccilink/videos/1wxEHuvN,Cricket
Zaheer Khan's 3-wicket haul against England in 2008,"16th Oct, 2015",1900,international,men,Zaheer Khan,https://bcciplayerimages.s3.ap-south-1.amazonaws.com/resizedimageskirti/SJTTXrEh_compress.jpeg,https://www.bcci.tv/bccilink/videos/Hgs2sPWr,Cricket
Zaheer Khan reflects on his retirement,"15th Oct, 2015",6000,international,men,Zaheer Khan,https://bcciplayerimages.s3.ap-south-1.amazonaws.com/resizedimageskirti/kGhRrarF_compress.jpeg,https://www.bcci.tv/bccilink/videos/eXeFgv1c,Cricket
Zaheer Khan's 5-wicket haul against Sri Lanka in 2009,"15th Oct, 2015",45900,international,men,Zaheer Khan,https://bcciplayerimages.s3.ap-south-1.amazonaws.com/resizedimageskirti/CjcvrTPA_compress.jpeg,https://www.bcci.tv/bccilink/videos/joJaPxoE,Cricket
Zaheer Khan retires from international cricket,,-,international,men,Zaheer Khan,https://assets.bcci.tv/test/bcci/photo/2018/11/01/3d988d7a-f0b3-41eb-9a8e-5e14dcab3786/XQLUhAaz.jpg,https://www.bcci.tv/articles/1970/news/96713/,Cricket
"IND vs ENG 2024, 5TH Test: Jasprit Bumrah Wicket","9th Mar, 2024",4100,international,men,Bumrah,https://brightcoveimagecompression.s3.ap-south-1.amazonaws.com/output/input/6348539688112-1710158071.jpg,https://www.bcci.tv/bccilink/videos/Mhf1fRgF,Cricket
"IND vs ENG 2024, 5TH Test, Day 01: Jasprit Bumrah Interview","7th Mar, 2024",2400,international,men,Bumrah,https://brightcoveimagecompression.s3.ap-south-1.amazonaws.com/output/input/6348364110112-1709782598.jpg,https://www.bcci.tv/bccilink/videos/DEL5C2Ul,Cricket
"IND vs ENG 2024, 3RD Test: Jasprit Bumrah Wicket","16th Feb, 2024",2200,international,men,Bumrah,https://brightcoveimagecompression.s3.ap-south-1.amazonaws.com/output/input/6347000815112-1708071889.jpg,https://www.bcci.tv/bccilink/videos/GfJWpB6c,Cricket
"IND vs ENG 2024, 3RD Test: Jasprit Bumrah Six","16th Feb, 2024",3500,international,men,Bumrah,https://brightcoveimagecompression.s3.ap-south-1.amazonaws.com/output/input/6346999511112-1708069941.jpg,https://www.bcci.tv/bccilink/videos/8pGcjDOt,Cricket
"IND vs ENG 2024, 3RD Test, Day 01: Jasprit Bumrah Interview","15th Feb, 2024",793,international,men,Bumrah,https://brightcoveimagecompression.s3.ap-south-1.amazonaws.com/output/input/6346908025112-1707967283.jpg,https://www.bcci.tv/bccilink/videos/Xn4kTycC,Cricket
"IND vs ENG 2024, 2ND Test: Jasprit Bumrah Wicket","4th Feb, 2024",1300,international,men,Bumrah,https://bcciplayerimages.s3.ap-south-1.amazonaws.com/resizedimageskirti/3588749423001/121f6f9c-3279-4474-852c-6e355e6fa5b4/d88bdaa7-ed62-44ef-b3e0-da1ee9a75d0d/1280x720/match/image_compress.jpeg,https://www.bcci.tv/bccilink/videos/o3moBZTg,Cricket
Jasprit Bumrah decodes a milestone-filled day in Vizag,"3rd Feb, 2024",21400,international,men,Bumrah,https://bcciplayerimages.s3.ap-south-1.amazonaws.com/resizedimageskirti/3588749423001/63d0579c-17ec-4efc-bf48-5f94d77973e8/5eb9256e-f237-45e8-9c02-a33802f3529b/1280x720/match/image_compress.jpeg,https://www.bcci.tv/bccilink/videos/4FfKeZmB,Cricket
You love to take responsibility and want to do the important job: Jasprit Bumrah,"3rd Feb, 2024",6100,international,men,Bumrah,https://bcciplayerimages.s3.ap-south-1.amazonaws.com/resizedimageskirti/3588749423001/0d8791d3-2ad2-4c85-8c4c-ea8687eeb79b/8d3c0455-74a2-446f-b154-77966abf6234/1280x720/match/image_compress.jpeg,https://www.bcci.tv/bccilink/videos/LZj35ja5,Cricket
"IND vs ENG 2024, 2ND Test, Day 02: Jasprit Bumrah Interview","3rd Feb, 2024",6400,international,men,Bumrah,https://bcciplayerimages.s3.ap-south-1.amazonaws.com/resizedimageskirti/3588749423001/4edcba13-c077-4802-9042-69978e99bdd9/b6eca55d-0ae2-4582-a1ac-f60339136463/1280x720/match/image_compress.jpeg,https://www.bcci.tv/bccilink/videos/692jjSU9,Cricket
Precious & Eye-Pleasing: Jasprit Bumrah's Vital Vizag spell,"3rd Feb, 2024",27200,international,men,Bumrah,https://bcciplayerimages.s3.ap-south-1.amazonaws.com/resizedimageskirti/3588749423001/20829449-7e00-41f5-87e9-c7b56fa550cf/d3cb30c0-9dc9-4df3-83b3-1bd9cd8bebf9/1280x720/match/image_compress.jpeg,https://www.bcci.tv/bccilink/videos/Bt0e2lAS,Cricket
Jasprit Bumrah released from squad for 4th Test,"20th Feb, 2024",-,international,men,Bumrah,https://assets.bcci.tv/bcci/articles/1708446512__AI_9335.jpg,https://www.bcci.tv/articles/2024/news/55556101/jasprit-bumrah-released-from-squad-for-4th-test,Cricket
"Jasprit Bumrah creates history, becomes first Indian pacer to top ICC Test Rankings","7th Feb, 2024",-,international,men,Bumrah,https://assets.bcci.tv/bcci/articles/1707310029_Bumrah_1920x1080.png,https://www.bcci.tv/articles/2024/news/55556094/jasprit-bumrah-creates-history-becomes-first-indian-pacer-to-top-icc-test-rankings,Cricket
Medical Update: Jasprit Bumrah and Shreyas Iyer,"15th Apr, 2023",-,international,men,Bumrah,https://assets.bcci.tv/bcci/articles/1681546592_Green%20Yellow%20Simple%20World%20Travel%20YouTube%20Thumbnail.png,https://www.bcci.tv/articles/2023/news/55556000/medical-update-jasprit-bumrah-and-shreyas-iyer,Cricket
Jasprit Bumrah ruled out of 3-match ODI series,"9th Jan, 2023",-,international,men,Bumrah,https://assets.bcci.tv/bcci/articles/1673245621_1408690065.jpeg,https://www.bcci.tv/articles/2023/news/55555973/jasprit-bumrah-ruled-out-of-3-match-odi-series,Cricket
Jasprit Bumrah included in ODI squad for Sri Lanka series,"3rd Jan, 2023",-,international,men,Bumrah,https://assets.bcci.tv/bcci/articles/1672738455_WhatsApp%20Image%202023-01-03%20at%202.57.03%20PM.jpeg,https://www.bcci.tv/articles/2023/news/55555967/jasprit-bumrah-included-in-odi-squad-for-sri-lanka-series,Cricket
Shami replaces Bumrah In India’s ICC Men’s T20 World Cup Squad,"14th Oct, 2022",-,international,men,Bumrah,https://assets.bcci.tv/bcci/articles/1665744875_Shami.jpg,https://www.bcci.tv/articles/2022/news/55555938/shami-replaces-bumrah-in-india-s-icc-men-s-t20-world-cup-squad,Cricket
Jasprit Bumrah ruled out of ICC Men’s T20 World Cup 2022,"3rd Oct, 2022",-,international,men,Bumrah,https://assets.bcci.tv/bcci/articles/1664808474_GHAZI_1474%20%281%29.jpg,https://www.bcci.tv/articles/2022/news/55555936/jasprit-bumrah-ruled-out-of-icc-men-s-t20-world-cup-2022,Cricket
Mohd. Siraj replaces injured Jasprit Bumrah in T20I squad,"30th Sep, 2022",-,international,men,Bumrah,https://assets.bcci.tv/bcci/articles/1664508880_3DMODI1807.JPG,https://www.bcci.tv/articles/2022/news/55555934/mohd-siraj-replaces-injured-jasprit-bumrah-in-t20i-squad,Cricket
Jasprit Bumrah to lead India in 5th Test,"30th Jun, 2022",-,international,men,Bumrah,https://assets.bcci.tv/bcci/articles/1656593509_44416f0a-9b11-4ba4-9e0e-7db220fd2026.jpg,https://www.bcci.tv/articles/2022/news/55555896/jasprit-bumrah-to-lead-india-in-5th-test,Cricket
Jasprit Bumrah released from India’s squad,"27th Feb, 2021",-,international,men,Bumrah,https://assets.bcci.tv/bcci/photo/2021/02/27/6f792e2c-9f02-4b6c-a70d-3c076dc97452/_AI_6480.JPG,https://www.bcci.tv/articles/2021/news/150917/jasprit-bumrah-released-from-indias-squad,Cricket
"IND vs ENG 2024, 5TH Test: Ravindra Jadeja Wicket","8th Mar, 2024",5800,international,men,Jadeja,https://brightcoveimagecompression.s3.ap-south-1.amazonaws.com/output/input/6348474666112-1709893471.jpg,https://www.bcci.tv/bccilink/videos/Y5GJjVHX,Cricket
"IND vs ENG 2024, 4TH Test: Ravindra Jadeja Wicket","26th Feb, 2024",6400,international,men,Jadeja,https://brightcoveimagecompression.s3.ap-south-1.amazonaws.com/output/input/6347664036112-1708930760.jpg,https://www.bcci.tv/bccilink/videos/G5XdUHrP,Cricket
"IND vs ENG 2024, 4TH Test: Ravindra Jadeja Wicket","24th Feb, 2024",5500,international,men,Jadeja,https://brightcoveimagecompression.s3.ap-south-1.amazonaws.com/output/input/6347538608112-1708765654.jpg,https://www.bcci.tv/bccilink/videos/g8wHcxQ0,Cricket
"IND vs ENG 2024, 4TH Test: Ravindra Jadeja Six","24th Feb, 2024",2400,international,men,Jadeja,https://brightcoveimagecompression.s3.ap-south-1.amazonaws.com/output/input/6347538880112-1708765051.jpg,https://www.bcci.tv/bccilink/videos/oqew1eFf,Cricket
"IND vs ENG 2024, 4TH Test: Ravindra Jadeja Six","24th Feb, 2024",1800,international,men,Jadeja,https://brightcoveimagecompression.s3.ap-south-1.amazonaws.com/output/input/6347540257112-1708765444.jpg,https://www.bcci.tv/bccilink/videos/rDmdky2F,Cricket
Ravindra Jadeja's economical 4/67 in Ranchi,"24th Feb, 2024",3300,international,men,Jadeja,https://brightcoveimagecompression.s3.ap-south-1.amazonaws.com/output/input/6347531446112-1708862165.jpg,https://www.bcci.tv/bccilink/videos/h0wptBkK,Cricket
Ravindra Jadeja claims a FIFER on his home ground,"18th Feb, 2024",16400,international,men,Jadeja,https://brightcoveimagecompression.s3.ap-south-1.amazonaws.com/output/input/6347151580112-1708761366.jpg,https://www.bcci.tv/bccilink/videos/8X3URTfJ,Cricket
Jadeja & Siraj put an end to the Stokes-Foakes pair,"17th Feb, 2024",3300,international,men,Jadeja,https://brightcoveimagecompression.s3.ap-south-1.amazonaws.com/output/input/6347086979112-1708154091.jpg,https://www.bcci.tv/bccilink/videos/Rbx0Mq8g,Cricket
"IND vs ENG 2024, 3RD Test, Day 03: Ravindra Jadeja Interview","17th Feb, 2024",1400,international,men,Jadeja,https://brightcoveimagecompression.s3.ap-south-1.amazonaws.com/output/input/6347060179112-1708140558.jpg,https://www.bcci.tv/bccilink/videos/1Lunegpi,Cricket
Local lad Ravindra Jadeja shines in Rajkot with 112(225),"16th Feb, 2024",3700,international,men,Jadeja,https://brightcoveimagecompression.s3.ap-south-1.amazonaws.com/output/input/6346982366112-1708164567.jpg,https://www.bcci.tv/bccilink/videos/22saK8QS,Cricket
Ravindra Jadeja & KL Rahul ruled out of the second Test,"29th Jan, 2024",-,international,men,Jadeja,https://assets.bcci.tv/bcci/articles/1706526202_Website%20Thumbnail%20%281%29.png,https://www.bcci.tv/articles/2024/news/55556091/ravindra-jadeja-kl-rahul-ruled-out-of-the-second-test,Cricket
Axar Patel replaces Ravindra Jadeja in Asia Cup squad,"2nd Sep, 2022",-,international,men,Jadeja,https://assets.bcci.tv/bcci/articles/1662111147__AI_8056.JPG,https://www.bcci.tv/articles/2022/news/55555920/axar-patel-replaces-ravindra-jadeja-in-asia-cup-squad,Cricket
Ravindra Jadeja ruled out of first two ODIs against West Indies,"22nd Jul, 2022",-,international,men,Jadeja,https://assets.bcci.tv/bcci/articles/1658504860_1408675313.jpg,https://www.bcci.tv/articles/2022/news/55555901/ravindra-jadeja-ruled-out-of-first-two-odis-against-west-indies,Cricket
Ravindra Jadeja ruled out of Border-Gavaskar Test series,"11th Jan, 2021",-,international,men,Jadeja,https://assets.bcci.tv/bcci/photo/2021/01/11/e629a17b-1440-43b5-99cd-1867aacc5a9e/GettyImages-1295407425-1-.jpg,https://www.bcci.tv/articles/2021/news/147788/ravindra-jadeja-ruled-out-of-border-gavaskar-test-series,Cricket
"AUS vs IND, 3rd Test: Jadeja, Gill shine after Smith’s ton on Day 2","8th Jan, 2021",-,international,men,Jadeja,https://assets.bcci.tv/bcci/photo/2021/01/08/4f57b52d-f42a-4c7a-b064-670cc1ab0446/GettyImages-1295141318.jpg,https://www.bcci.tv/articles/2021/news/147656/aus-vs-ind-3rd-test-jadeja-gill-shine-after-smiths-ton,Cricket
"Australia vs India, 2nd Test: Rahane's ton, Jadeja’s 40* put India in command on Day 2","27th Dec, 2020",-,international,men,Jadeja,https://assets.bcci.tv/bcci/photo/2020/12/27/896e0c7f-3690-437a-baaf-e856d5f9cb61/GettyImages-1293261338.jpg,https://www.bcci.tv/articles/2020/news/147601/australia-vs-india-2nd-test-skipper-rahanes-ton,Cricket
"Ravindra Jadeja ruled out, Shardul Thakur added to India's T20I squad","4th Dec, 2020",-,international,men,Jadeja,https://assets.bcci.tv/bcci/photo/2020/12/04/044ed6a7-b611-49f8-9f8d-b5b44206a3b5/GettyImages-1289346457.jpg,https://www.bcci.tv/articles/2020/news/147496/ravindra-jadeja-ruled-out-shardul-thakur-added-to-team-india-squad-for-t20i-series-against-australia,Cricket
BCCI congratulates Poonam Yadav and Ravindra Jadeja for receiving Arjuna Awards,"30th Aug, 2019",-,international,men,Jadeja,https://assets.bcci.tv/bcci/photo/2019/08/30/6f86f4fc-2dfd-4b72-82a6-22d6560d033d/Poonam-Yadav-Arjuna-Awards.jpg,https://www.bcci.tv/articles/2019/news/130362/,Cricket
Composure key to Jadeja’s resurgence,"1st Jan, 1970",-,international,men,Jadeja,https://assets.bcci.tv/test/bcci/photo/2018/11/01/7a96a16b-adde-4176-a158-5c2535b2134d/kyCnKwBT.jpg,https://www.bcci.tv/articles/1970/news/96522/composure-key-to-jadeja-s-resurgence,Cricket
Fitness update on Shikhar Dhawan and Ravindra Jadeja,,-,international,men,Jadeja,https://assets.bcci.tv/test/bcci/photo/2018/11/01/15edb516-5d2b-444a-b450-5d6eac244821/plegMufJ.jpg,https://www.bcci.tv/articles/1970/news/99353/,Cricket
"Thank You, Mithali Raj","9th Jun, 2022",492,international,women,Mithali Raj,https://bcciplayerimages.s3.ap-south-1.amazonaws.com/resizedimageskirti/3588749423001/50e31b31-d7a7-4aff-9417-4e5759953a6d/2e88f41e-1d0d-4376-a22f-e047c8049b95/1280x720/match/image_compress.jpeg,https://www.bcci.tv/bccilink/videos/WEzNnspn,Cricket
A difficult loss to process: Mithali Raj,"27th Mar, 2022",26400,international,women,Mithali Raj,https://cf-images.eu-west-1.prod.boltdns.net/v1/jit/3588749423001/6c265267-71a0-44b4-bc41-d1f13b1c1dd0/main/1280x720/4m58s481ms/match/image.jpg,https://www.bcci.tv/bccilink/videos/kNiHRAMH,Cricket
Excited and looking forward to put up a good show: Mithali Raj,"5th Mar, 2022",4200,international,women,Mithali Raj,https://bcciplayerimages.s3.ap-south-1.amazonaws.com/resizedimageskirti/3588749423001/f21ef336-d4b6-443a-b639-487ce5719fd0/6f9e3072-5950-426f-948b-0f351980bf0d/1280x720/match/image_compress.jpeg,https://www.bcci.tv/bccilink/videos/RA1b5e8S,Cricket
Important to peak at the right time in the World Cup: Mithali Raj,"26th Feb, 2022",700,international,women,Mithali Raj,https://bcciplayerimages.s3.ap-south-1.amazonaws.com/resizedimageskirti/3588749423001/9dfc9556-825a-451c-8c65-07ec20cb00d5/a66b5678-d7d0-4432-9151-8a03c97bb731/1280x720/match/image_compress.jpeg,https://www.bcci.tv/bccilink/videos/SV9L3Zci,Cricket
Richa will be one of India's match-winners for years to come: Mithali Raj,"23rd Feb, 2022",3000,international,women,Mithali Raj,https://bcciplayerimages.s3.ap-south-1.amazonaws.com/resizedimageskirti/1645628224_Richa%2520Mithali%2520Interview%25202-01_compress.jpeg,https://www.bcci.tv/bccilink/videos/L8frYXNF,Cricket
The New Zealand series will be a preparation for the World Cup: Mithali Raj,"8th Feb, 2022",1400,international,women,Mithali Raj,https://cf-images.eu-west-1.prod.boltdns.net/v1/jit/3588749423001/69345dae-9f7f-4c88-b1ae-68bf68215629/main/1280x720/2m53s383ms/match/image.jpg,https://www.bcci.tv/bccilink/videos/Kpah8mvr,Cricket
Winning the World Cup for India still drives me: Mithali Raj,"23rd Jan, 2022",2500,international,women,Mithali Raj,https://bcciplayerimages.s3.ap-south-1.amazonaws.com/resizedimageskirti/1642950160_2CLb2ZcP_compress.jpeg,https://www.bcci.tv/bccilink/videos/TIGlRQAF,Cricket
We put up a good show against Australia: Mithali Raj,"3rd Oct, 2021",5800,international,women,Mithali Raj,https://bcciplayerimages.s3.ap-south-1.amazonaws.com/resizedimageskirti/1I6loxzJ_compress.jpeg,https://www.bcci.tv/bccilink/videos/ibEh0C5o,Cricket
The pink-ball Test is a significant event for us: Mithali Raj,"29th Sep, 2021",4000,international,women,Mithali Raj,https://bcciplayerimages.s3.ap-south-1.amazonaws.com/resizedimageskirti/qXGO2Scd_compress.jpeg,https://www.bcci.tv/bccilink/videos/VAtzMRk0,Cricket
We did not get enough partnerships: Mithali Raj,"21st Sep, 2021",4800,international,women,Mithali Raj,https://bcciplayerimages.s3.ap-south-1.amazonaws.com/resizedimageskirti/WgXJY5Gk_compress.jpeg,https://www.bcci.tv/bccilink/videos/SndVrjG4,Cricket
Mithali Raj announces retirement from T20Is,"6th Sep, 2019",-,international,women,Mithali Raj,https://assets.bcci.tv/bcci/photo/2019/09/06/1c9da7f4-fdc6-4b4d-8b26-9f834aef260c/Mithali-retires-from-T20I.jpg,https://www.bcci.tv/articles/2019/news/130497/,Cricket
Quadrangular Series an ideal preparation ahead of World Cup: Mithali Raj,"25th Aug, 2017",-,international,women,Mithali Raj,https://assets.bcci.tv/bcci/articles/1697012043_mithali.webp,https://www.bcci.tv/articles/2017/news/98779/quadrangular-series-an-ideal-preparation-ahead-of-world-cup-mithali-raj,Cricket
I’ve had to transform as captain: Mithali Raj,,-,international,women,Mithali Raj,https://assets.bcci.tv/test/bcci/photo/2018/11/01/a4ad1d16-915c-451d-8438-45df65921c89/JPoAfpIw.jpg,https://www.bcci.tv/articles/1970/news/97952/,Cricket
Not entirely happy with milestone as we lost: Mithali Raj,,-,international,women,Mithali Raj,https://assets.bcci.tv/test/bcci/photo/2018/11/06/842853d7-ab20-42b5-a58b-c893414b4ef2/AAXdPwID.jpg,https://www.bcci.tv/articles/1970/news/99759/,Cricket
Mithali Raj guides India Women to victory,,-,international,women,Mithali Raj,https://assets.bcci.tv/test/bcci/photo/2018/11/01/9adcca26-bcf6-453f-92ec-679359c53045/gZoDIPEY.jpg,https://www.bcci.tv/articles/1970/news/98086/,Cricket
Will look for a clean sweep: Mithali Raj,,-,international,women,Mithali Raj,https://assets.bcci.tv/test/bcci/photo/2018/11/01/7b9b570a-3d4d-40f3-bcdb-db554f3e1661/fraIdnNi.jpg,https://www.bcci.tv/articles/1970/news/98216/,Cricket
Mithali Raj credits team for all-round performance,,-,international,women,Mithali Raj,https://assets.bcci.tv/test/bcci/photo/2018/11/01/f17c26df-1058-42fe-92cc-f6882117212b/AiOOyTFo.jpg,https://www.bcci.tv/articles/1970/news/99734/,Cricket
Indian team has a bright future: Mithali Raj,,-,international,women,Mithali Raj,https://assets.bcci.tv/test/bcci/photo/2018/11/01/71ba9840-b209-4e44-855f-fc0fee5a49a3/iosfAIkV.jpg,https://www.bcci.tv/articles/1970/news/99718/,Cricket
This team has no fear: Mithali Raj,,-,international,women,Mithali Raj,https://assets.bcci.tv/test/bcci/photo/2018/11/01/3484405f-8ac0-4d34-8f90-d7d960181439/MZHsnvEX.jpg,https://www.bcci.tv/articles/1970/news/99722/,Cricket
Mithali Raj wants India Women to play fearless cricket,,-,international,women,Mithali Raj,https://assets.bcci.tv/test/bcci/photo/2018/11/01/d40e2d55-abad-4382-8bdc-3b2648816f62/NRpqkovu.jpg,https://www.bcci.tv/articles/1970/news/99765/,Cricket
"IND-W vs AUS-W 2023-24, 3rd T20I: Harmanpreet Kaur Wicket","9th Jan, 2024",223,international,women,Harmanpreet Kaur,https://bcciplayerimages.s3.ap-south-1.amazonaws.com/resizedimageskirti/3588749423001/2362ad0a-3489-4408-8556-9dc65ade0fed/29659d4d-4087-4657-af07-95038b73b48c/1280x720/match/image_compress.jpeg,https://www.bcci.tv/bccilink/videos/mEF3HRNt,Cricket
"IND-W vs AUS-W 2023-24, 2nd T20I: Harmanpreet Kaur Wicket","7th Jan, 2024",178,international,women,Harmanpreet Kaur,https://bcciplayerimages.s3.ap-south-1.amazonaws.com/resizedimageskirti/3588749423001/b97396f4-15cc-4951-bd78-5dbfe91a7003/57a9bb34-743d-4b3f-8987-3855e3199f8c/1280x720/match/image_compress.jpeg,https://www.bcci.tv/bccilink/videos/Cd59Ilws,Cricket
Safe Hands: Catches galore for captain Harmanpreet Kaur,"5th Jan, 2024",420,international,women,Harmanpreet Kaur,https://bcciplayerimages.s3.ap-south-1.amazonaws.com/resizedimageskirti/3588749423001/cf849183-062a-467f-aa6f-5a766dcd5dd6/e3fdfcf3-d1c3-4732-b201-121c744c7160/1280x720/match/image_compress.jpeg,https://www.bcci.tv/bccilink/videos/0SefYFcd,Cricket
Everyone is looking positive and excited about the T20I series: Harmanpreet Kaur,"4th Jan, 2024",263,international,women,Harmanpreet Kaur,https://bcciplayerimages.s3.ap-south-1.amazonaws.com/resizedimageskirti/3588749423001/9a722e5f-16f6-4326-8be8-7df97d915cd4/ac39c5d1-c2a6-44e6-8af4-f0ca931b6530/1280x720/match/image_compress.jpeg,https://www.bcci.tv/bccilink/videos/qN6F9DNw,Cricket
"IND-W vs AUS-W 2023-24, 3rd ODI: Harmanpreet Kaur Wicket","2nd Jan, 2024",157,international,women,Harmanpreet Kaur,https://bcciplayerimages.s3.ap-south-1.amazonaws.com/resizedimageskirti/3588749423001/a6f85897-aba2-478f-9f3a-15a25d4bb764/0090dec5-9b82-4825-b120-21ae67cbc6e3/1280x720/match/image_compress.jpeg,https://www.bcci.tv/bccilink/videos/KN7cFqZ3,Cricket
50 up: Harmanpreet Kaur's smart grab to register her 50th ODI catch,"2nd Jan, 2024",1000,international,women,Harmanpreet Kaur,https://bcciplayerimages.s3.ap-south-1.amazonaws.com/resizedimageskirti/3588749423001/a297c399-a9b7-4495-9cfe-2f870823ac15/73770186-90d5-484b-bad5-9c0338d331d2/1280x720/match/image_compress.jpeg,https://www.bcci.tv/bccilink/videos/vvFCrcQx,Cricket
"IND-W vs AUS-W 2023-24, 2nd ODI: Harmanpreet Kaur Wicket","30th Dec, 2023",249,international,women,Harmanpreet Kaur,https://bcciplayerimages.s3.ap-south-1.amazonaws.com/resizedimageskirti/3588749423001/3eb5e745-d4dc-4965-bc4e-742e15b4504c/03d76565-21fc-4372-a38d-6ba5a255b0f0/1280x720/match/image_compress.jpeg,https://www.bcci.tv/bccilink/videos/K1nmpCje,Cricket
"IND-W vs AUS-W 2023-24, 1st ODI: Harmanpreet Kaur Wicket","28th Dec, 2023",217,international,women,Harmanpreet Kaur,https://bcciplayerimages.s3.ap-south-1.amazonaws.com/resizedimageskirti/3588749423001/06708534-41b2-4207-8b50-1440b391996c/355f3e85-7ffe-4d6b-9cac-3c84caadc28c/1280x720/match/image_compress.jpeg,https://www.bcci.tv/bccilink/videos/FbORVlhP,Cricket
LBW: Harmanpreet Kaur wins the battle of the Captains,"23rd Dec, 2023",1300,international,women,Harmanpreet Kaur,https://bcciplayerimages.s3.ap-south-1.amazonaws.com/resizedimageskirti/3588749423001/9184ecac-61b6-4eac-ad27-b040e007ec99/dba0656a-c0e5-4380-953a-1bd35eaa94d3/1280x720/match/image_compress.jpeg,https://www.bcci.tv/bccilink/videos/2XILVT7q,Cricket
TIMBER! Captain Harmanpreet Kaur strikes big to dismiss Tahlia McGrath,"23rd Dec, 2023",1100,international,women,Harmanpreet Kaur,https://bcciplayerimages.s3.ap-south-1.amazonaws.com/resizedimageskirti/3588749423001/7333f6a5-ef5e-4535-aeb7-78f77bf4b7d6/e1d3fb0f-141f-43df-87c2-658fb9181203/1280x720/match/image_compress.jpeg,https://www.bcci.tv/bccilink/videos/rt1uwFNi,Cricket
Harleen Deol to replace Harmanpreet Kaur in India’s ODI squad,"30th Sep, 2019",-,international,women,Harmanpreet Kaur,,https://www.bcci.tv/articles/2019/news/126383/,Cricket
Harmanpreet Kaur and Smriti Mandhana to appear in WBBL 04,,-,international,women,Harmanpreet Kaur,https://assets.bcci.tv/bcci/photo/2019/05/30/62cee0d8-7daf-4e3e-89d2-d55c00a05d68/FxQQyIHB.jpg,https://www.bcci.tv/articles/1970/news/126163/,Cricket
Harmanpreet Kaur to play for Surrey Stars,,-,international,women,Harmanpreet Kaur,https://assets.bcci.tv/test/bcci/photo/2018/11/01/4d393807-d03f-4a4e-a1a3-dd3fbb646f77/PNyDSWhA.jpg,https://www.bcci.tv/articles/1970/news/98784/,Cricket
India were 30-35 runs short: Harmanpreet Kaur,,-,international,women,Harmanpreet Kaur,https://assets.bcci.tv/test/bcci/photo/2018/11/01/ccfadf67-726b-4069-a14d-e7581c27bcfc/mkoBELyj.jpg,https://www.bcci.tv/articles/1970/news/98184/,Cricket
Needed to build partnerships: Harmanpreet Kaur,,-,international,women,Harmanpreet Kaur,https://assets.bcci.tv/test/bcci/photo/2018/11/01/07440fe5-6b1a-48ae-9aaa-11db811354bd/acWlUtzd.jpg,https://www.bcci.tv/articles/1970/news/98176/,Cricket
When Harmanpreet Kaur beat the Oval fair and square,,-,international,women,Harmanpreet Kaur,https://assets.bcci.tv/test/bcci/photo/2018/11/01/8880e5ad-206a-4556-b083-062ab3cd66ef/ZeBoEIPG.jpg,https://www.bcci.tv/articles/1970/news/96985/,Cricket
Fully prepared for New Zealand: Harmanpreet Kaur,,-,international,women,Harmanpreet Kaur,https://assets.bcci.tv/test/bcci/photo/2018/11/01/1d063942-6677-4f66-ace9-0152a2b2d19f/FopuAbId.jpg,https://www.bcci.tv/articles/1970/news/96022/,Cricket
I’ve always played freely: Harmanpreet Kaur,,-,international,women,Harmanpreet Kaur,https://assets.bcci.tv/test/bcci/photo/2018/10/31/1ff7e21e-8498-4f01-8c8d-a46caa8639f3/TtEPYUCQ.jpg,https://www.bcci.tv/articles/1970/news/72743/,Cricket
"IND-W vs AUS-W 2023-24, 3rd T20I: Smriti Mandhana Wicket","9th Jan, 2024",494,international,women,Smriti Mandhana,https://bcciplayerimages.s3.ap-south-1.amazonaws.com/resizedimageskirti/3588749423001/733ff03f-29eb-46bb-aec7-8bcf7164c150/e9db1cdd-964a-46e8-bae2-9af3f8ea2413/1280x720/match/image_compress.jpeg,https://www.bcci.tv/bccilink/videos/roBEI7dV,Cricket
"IND-W vs AUS-W 2023-24, 3rd T20I: Smriti Mandhana Six","9th Jan, 2024",343,international,women,Smriti Mandhana,https://bcciplayerimages.s3.ap-south-1.amazonaws.com/resizedimageskirti/3588749423001/b5e9f35f-9c54-4761-9d97-0f6dc4304745/36d6f39d-637c-4898-a115-c4c3e47805d2/1280x720/match/image_compress.jpeg,https://www.bcci.tv/bccilink/videos/kDhb14eF,Cricket
6 & 4: Smriti Mandhana takes the attacking route,"9th Jan, 2024",283,international,women,Smriti Mandhana,https://bcciplayerimages.s3.ap-south-1.amazonaws.com/resizedimageskirti/3588749423001/1e24eaf2-519f-42d4-846c-9c0cfe533d27/61dc6ff3-7c34-4c60-bad9-445af2c96bf2/1280x720/match/image_compress.jpeg,https://www.bcci.tv/bccilink/videos/9Ju1SDzg,Cricket
"IND-W vs AUS-W 2023-24, 2nd T20I: Smriti Mandhana Wicket","7th Jan, 2024",313,international,women,Smriti Mandhana,https://bcciplayerimages.s3.ap-south-1.amazonaws.com/resizedimageskirti/3588749423001/726253f2-8847-4053-8d30-a0ad51c3076c/db58e62e-08c4-4331-b28b-d7d2b9ab7c89/1280x720/match/image_compress.jpeg,https://www.bcci.tv/bccilink/videos/n0rkWY9s,Cricket
Connection & Timing: Smriti Mandhana's sublime six,"7th Jan, 2024",259,international,women,Smriti Mandhana,https://bcciplayerimages.s3.ap-south-1.amazonaws.com/resizedimageskirti/3588749423001/22929a4a-12fb-40a2-9b1e-dbf1361a8ce2/0eb091f6-11e7-4e48-88ad-ebc6302db1da/1280x720/match/image_compress.jpeg,https://www.bcci.tv/bccilink/videos/jDwG03po,Cricket
"IND-W vs AUS-W 2023-24, 2nd T20I: Smriti Mandhana Six","7th Jan, 2024",124,international,women,Smriti Mandhana,https://bcciplayerimages.s3.ap-south-1.amazonaws.com/resizedimageskirti/3588749423001/63b678e0-5ac2-47a5-98df-088b23d3ea91/23a7084c-c4db-42c6-8e61-8638a42514f1/1280x720/match/image_compress.jpeg,https://www.bcci.tv/bccilink/videos/ZCB5G1im,Cricket
"Post-win tales and one ""legendary"" video call to Jhulan Goswami, ft. Smriti Mandhana & Titas Sadhu","5th Jan, 2024",18200,international,women,Smriti Mandhana,https://bcciplayerimages.s3.ap-south-1.amazonaws.com/resizedimageskirti/3588749423001/17a1d82b-1d34-471a-afad-3c584bcc6cc6/fec9c33e-a349-4836-9ed7-f0ab58c16faa/1280x720/match/image_compress.jpeg,https://www.bcci.tv/bccilink/videos/SpmjiwR5,Cricket
"IND-W vs AUS-W 2023-24, 1st T20I: Smriti Mandhana Interview","5th Jan, 2024",1800,international,women,Smriti Mandhana,https://bcciplayerimages.s3.ap-south-1.amazonaws.com/resizedimageskirti/3588749423001/2b043bac-f630-49d3-88e8-c51048e3cd35/6444849d-5734-4371-8634-481c58a80330/1280x720/match/image_compress.jpeg,https://www.bcci.tv/bccilink/videos/kRxZICga,Cricket
Timing & Placement: Smriti Mandhana's excellent 54(52),"5th Jan, 2024",737,international,women,Smriti Mandhana,https://bcciplayerimages.s3.ap-south-1.amazonaws.com/resizedimageskirti/3588749423001/e9943f41-6b4b-4aa8-80ca-40c91bf1fc7a/cb4d9f29-e7ee-4bf3-99fa-3fd652120493/1280x720/match/image_compress.jpeg,https://www.bcci.tv/bccilink/videos/HCJVxwWO,Cricket
"IND-W vs AUS-W 2023-24, 1st T20I: Smriti Mandhana Wicket","5th Jan, 2024",583,international,women,Smriti Mandhana,https://bcciplayerimages.s3.ap-south-1.amazonaws.com/resizedimageskirti/3588749423001/18c5637c-cf67-412e-94fd-49085c71fa0f/c406c021-132e-40ab-8211-4de113698e9e/1280x720/match/image_compress.jpeg,https://www.bcci.tv/bccilink/videos/CYxaDjO3,Cricket
Smriti Mandhana stable after being struck on the head in warm-up game,"28th Feb, 2022",-,international,women,Smriti Mandhana,https://assets.bcci.tv/bcci/articles/1646043687_smriti.jpg,https://www.bcci.tv/articles/2022/news/55555875/smriti-mandhana-stable-after-being-struck-on-the-head-in-warm-up-game,Cricket
Smriti Mandhana declared ICC Women’s Cricketer of the Year 2021,"25th Jan, 2022",-,international,women,Smriti Mandhana,https://assets.bcci.tv/bcci/articles/1643084196_1326813841%20%281%29.jpg,https://www.bcci.tv/articles/2022/news/55555862/smriti-mandhana-declared-icc-women-s-cricketer-of-the-year-2021,Cricket
Pooja Vastrakar replaces Smriti Mandhana in ODI squad,"15th Oct, 2019",-,international,women,Smriti Mandhana,https://assets.bcci.tv/bcci/photo/2019/10/15/2b33200e-5104-4198-9c60-f962ef2c4de3/Pooja-Vastrakar-replaces-Smriti-Mandhana.jpg,https://www.bcci.tv/articles/2019/news/134634/,Cricket
Smriti Mandhana to lead India Women in T20I series,"30th Sep, 2019",-,international,women,Smriti Mandhana,https://assets.bcci.tv/bcci/photo/2019/05/30/07e69d55-a7fe-4838-9967-31d97773b999/dHreBion.jpg,https://www.bcci.tv/articles/2019/news/126392/,Cricket
Smriti Mandhana becomes first Indian woman to win 2 ICC awards,,-,international,women,Smriti Mandhana,https://assets.bcci.tv/bcci/photo/2019/05/30/0741c5f2-3af9-46f6-a0b8-a1bd80a5c229/vRwNxgEM.jpg,https://www.bcci.tv/articles/1970/news/126262/,Cricket
Smriti Mandhana leads India Blue to victory with an unbeaten ton,,-,international,women,Smriti Mandhana,https://assets.bcci.tv/test/bcci/photo/2018/11/01/1ff4a758-6abb-42e3-8485-76c3a6ce808f/evThNcfh.jpg,https://www.bcci.tv/articles/1970/news/99349/,Cricket
Smriti Mandhana ruled out of ICC WWC Qualifiers,,-,international,women,Smriti Mandhana,https://assets.bcci.tv/test/bcci/photo/2018/11/01/5220eaf5-6684-4e46-9806-c6771d9d46e8/MQvZpVfs.jpg,https://www.bcci.tv/articles/1970/news/99084/,Cricket
Harmanpreet Kaur and Smriti Mandhana to appear in WBBL 04,,-,international,women,Smriti Mandhana,https://assets.bcci.tv/bcci/photo/2019/05/30/62cee0d8-7daf-4e3e-89d2-d55c00a05d68/FxQQyIHB.jpg,https://www.bcci.tv/articles/1970/news/126163/,Cricket
Australian wickets suit my game: Smriti Mandhana,,-,international,women,Smriti Mandhana,https://assets.bcci.tv/test/bcci/photo/2018/11/01/295942e9-b37e-4c55-9695-65ebeabf9783/JSZstPgd.jpg,https://www.bcci.tv/articles/1970/news/98559/,Cricket
BCCI congratulates Virat Kohli and Smriti Mandhana,,-,international,women,Smriti Mandhana,https://assets.bcci.tv/bcci/photo/2019/05/30/a9d8c340-f8ac-4903-9090-ab40b98ecd50/znmEwBaQ.jpg,https://www.bcci.tv/articles/1970/news/126019/,Cricket
"Post-win tales and one ""legendary"" video call to Jhulan Goswami, ft. Smriti Mandhana & Titas Sadhu","5th Jan, 2024",18200,international,women,Jhulan Goswami,https://bcciplayerimages.s3.ap-south-1.amazonaws.com/resizedimageskirti/3588749423001/17a1d82b-1d34-471a-afad-3c584bcc6cc6/fec9c33e-a349-4836-9ed7-f0ab58c16faa/1280x720/match/image_compress.jpeg,https://www.bcci.tv/bccilink/videos/SpmjiwR5,Cricket
Representing India will remain one of the biggest moments in my career: Jhulan Goswami,"23rd Sep, 2022",891,international,women,Jhulan Goswami,https://bcciplayerimages.s3.ap-south-1.amazonaws.com/resizedimageskirti/3588749423001/f9537558-d400-47a0-a9fe-421b039d1d37/6e7e53ee-995c-4579-8a2d-4bc668c88e2d/1280x720/match/image_compress.jpeg,https://www.bcci.tv/bccilink/videos/FZt5UHqT,Cricket
 A tribute to Jhulan Goswami,"19th Mar, 2022",9200,international,women,Jhulan Goswami,https://bcciplayerimages.s3.ap-south-1.amazonaws.com/resizedimageskirti/3588749423001/4256c590-ca26-4dd3-a6fd-524dbf3686de/352f46c6-2cd9-4f03-9e2c-e87937283f14/1280x720/match/image_compress.jpeg,https://www.bcci.tv/bccilink/videos/hydmSjiO,Cricket
Will look to bounce back against Australia: Jhulan Goswami,"16th Mar, 2022",2700,international,women,Jhulan Goswami,https://cf-images.eu-west-1.prod.boltdns.net/v1/jit/3588749423001/975b82e2-beb3-47a9-9e71-fc8ff395c182/main/1280x720/3m1s359ms/match/image.jpg,https://www.bcci.tv/bccilink/videos/JtpLehgt,Cricket
Happy to be here & play the World Cup: Jhulan Goswami,"9th Mar, 2022",1900,international,women,Jhulan Goswami,https://cf-images.eu-west-1.prod.boltdns.net/v1/jit/3588749423001/1ee5fdd3-33ca-4e7c-b2e4-0e27689ac0ac/main/1280x720/4m53s860ms/match/image.jpg,https://www.bcci.tv/bccilink/videos/Q7A2PAdR,Cricket
Pace ace Jhulan Goswami in conversation with S Meghana,"28th Feb, 2022",11000,international,women,Jhulan Goswami,https://bcciplayerimages.s3.ap-south-1.amazonaws.com/resizedimageskirti/3588749423001/5c912389-9198-4b8a-99a6-697b6d252373/86650ca9-3034-49d2-9f5d-850dd6fd78b9/1280x720/match/image_compress.jpeg,https://www.bcci.tv/bccilink/videos/eQEMExET,Cricket
The win will give us confidence going into the Test match: Jhulan Goswami,"26th Sep, 2021",7900,international,women,Jhulan Goswami,https://bcciplayerimages.s3.ap-south-1.amazonaws.com/resizedimageskirti/ZoNfWEW0_compress.jpeg,https://www.bcci.tv/bccilink/videos/fSSiKRBB,Cricket
We will come back strong in the upcoming games: Jhulan Goswami,"30th Jun, 2021",3300,international,women,Jhulan Goswami,https://bcciplayerimages.s3.ap-south-1.amazonaws.com/resizedimageskirti/LnPGOdBN_compress.jpeg,https://www.bcci.tv/bccilink/videos/sxzr2lEf,Cricket
It was an absolute team effort to win the second ODI: Jhulan Goswami,"9th Mar, 2021",22300,international,women,Jhulan Goswami,https://bcciplayerimages.s3.ap-south-1.amazonaws.com/resizedimageskirti/IMG_5678_compress.jpeg,https://www.bcci.tv/bccilink/videos/eoyfHUiL,Cricket
Jhulan Goswami's brilliant 4/42,"9th Mar, 2021",25100,international,women,Jhulan Goswami,https://bcciplayerimages.s3.ap-south-1.amazonaws.com/resizedimageskirti/RLwcGz3z_compress.jpeg,https://www.bcci.tv/bccilink/videos/UAHlhyT5,Cricket
BCCI congratulates Jhulan Goswami on a stellar career,"25th Sep, 2022",-,international,women,Jhulan Goswami,https://assets.bcci.tv/bcci/articles/1664027775_BIP-6152.JPG,https://www.bcci.tv/articles/2022/news/55555930/bcci-congratulates-jhulan-goswami-on-a-stellar-career,Cricket
I remember each one of my 200 wickets: Jhulan Goswami,"8th Feb, 2018",-,international,women,Jhulan Goswami,https://assets.bcci.tv/bcci/articles/1697015160_mpBYMuoS.webp,https://www.bcci.tv/articles/2018/news/100183/i-remember-each-one-of-my-200-wickets-jhulan-goswami,Cricket
An odd day for us: Jhulan Goswami,,-,international,women,Jhulan Goswami,https://assets.bcci.tv/test/bcci/photo/2018/10/31/121c2518-3b0d-48d8-9085-353e820df37d/XFnWtGtO.jpg,https://www.bcci.tv/articles/1970/news/71851/,Cricket
Veteran pacer Jhulan Goswami retires from T20Is,,-,international,women,Jhulan Goswami,https://assets.bcci.tv/test/bcci/photo/2018/11/01/8d822d26-b61a-45ac-8dd0-6f1d3a494d4e/qRoTSaHO.jpg,https://www.bcci.tv/articles/1970/news/99873/,Cricket
Jhulan Goswami ruled out of T20I series,,-,international,women,Jhulan Goswami,https://assets.bcci.tv/test/bcci/photo/2018/11/01/deb740b8-a851-4123-8178-f81b097de420/YTwoEILc.jpg,https://www.bcci.tv/articles/1970/news/100176/,Cricket
Determined to qualify for World Cup: Jhulan Goswami,,-,international,women,Jhulan Goswami,https://assets.bcci.tv/test/bcci/photo/2018/11/01/5dbba8c6-dfb9-4c13-9e5b-3e8d500ed52f/cIyDeDhG.jpg,https://www.bcci.tv/articles/1970/news/96021/,Cricket
BCCI congratulates Jhulan Goswami,,-,international,women,Jhulan Goswami,https://assets.bcci.tv/test/bcci/photo/2018/11/01/dbc25d76-5121-49e6-a89a-5b51d2a539ee/qavxvNFV.jpg,https://www.bcci.tv/articles/1970/news/98813/,Cricket
Jhulan Goswami reclaims No. 1 spot,,-,international,women,Jhulan Goswami,https://assets.bcci.tv/bcci/photo/2019/05/30/5a5dbfb5-f966-4051-9e83-68a05ab205fd/LAOqCXoD.jpg,https://www.bcci.tv/articles/1970/news/126402/,Cricket
Rumeli Dhar to replace injured Jhulan Goswami,,-,international,women,Jhulan Goswami,https://assets.bcci.tv/test/bcci/photo/2018/11/01/5697daa8-0df6-4fd9-8168-bd2bc0397e42/JwkjZipb.jpg,https://www.bcci.tv/articles/1970/news/100165/,Cricket
"Jhulan Goswami, Sukanya Parida ruled out of ICC Women’s WC Qualifiers",,-,international,women,Jhulan Goswami,https://assets.bcci.tv/test/bcci/photo/2018/11/01/bf84b353-4ff0-4dae-b4ad-6d3414c7f4d8/hiPKOniq.jpg,https://www.bcci.tv/articles/1970/news/99044/,Cricket
We are trying a few things in the run-up to the World Cup: Poonam Yadav,"1st Jul, 2021",12400,international,women,Poonam Yadav,https://bcciplayerimages.s3.ap-south-1.amazonaws.com/resizedimageskirti/e2JJfQBe_compress.jpeg,https://www.bcci.tv/bccilink/videos/ZXvGeDvG,Cricket
We will look to execute our plans & improve our performance: Poonam Yadav,"16th Mar, 2021",3600,international,women,Poonam Yadav,https://bcciplayerimages.s3.ap-south-1.amazonaws.com/resizedimageskirti/IMG_0923_compress.jpeg,https://www.bcci.tv/bccilink/videos/kHzRQw2u,Cricket
Delighted that we are in the final: Poonam Yadav,"6th Mar, 2020",3500,international,women,Poonam Yadav,https://bcciplayerimages.s3.ap-south-1.amazonaws.com/resizedimageskirti/QLvEPSmZ_compress.jpeg,https://www.bcci.tv/bccilink/videos/pbUd2qvb,Cricket
Poonam Yadav shines with a 3-wicket haul,"24th Feb, 2020",5800,international,women,Poonam Yadav,https://bcciplayerimages.s3.ap-south-1.amazonaws.com/resizedimageskirti/1207714124_compress.jpeg,https://www.bcci.tv/bccilink/videos/X6qvVSDL,Cricket
Poonam Yadav’s match-winning 4-wkt haul ,"21st Feb, 2020",9200,international,women,Poonam Yadav,https://bcciplayerimages.s3.ap-south-1.amazonaws.com/resizedimageskirti/1207713802_compress.jpeg,https://www.bcci.tv/bccilink/videos/Euek3ZXc,Cricket
Camp before T20I series was helpful: Poonam Yadav,"2nd Oct, 2019",861,international,women,Poonam Yadav,https://bcciplayerimages.s3.ap-south-1.amazonaws.com/resizedimageskirti/SWvlCnqc_compress.jpeg,https://www.bcci.tv/bccilink/videos/H6rgixKf,Cricket
Poonam Yadav's economical 3-wicket haul,"1st Oct, 2019",1700,international,women,Poonam Yadav,https://bcciplayerimages.s3.ap-south-1.amazonaws.com/resizedimageskirti/1707137153_XaFjcrnL_compress.jpeg,https://www.bcci.tv/bccilink/videos/ckoww6cF,Cricket
Poonam Yadav Bowler Package - Final,"6th Apr, 2018",3,international,women,Poonam Yadav,https://bcciplayerimages.s3.ap-south-1.amazonaws.com/resizedimageskirti/hNGdDHSr_compress.jpeg,https://www.bcci.tv/bccilink/videos/XAUeXn00,Cricket
"IND Women vs WI Women, 2016 : 3rd T20: Poonam Yadav Interview","22nd Nov, 2016",1000,international,women,Poonam Yadav,https://bcciplayerimages.s3.ap-south-1.amazonaws.com/resizedimageskirti/BsHBOXzM_compress.jpeg,https://www.bcci.tv/bccilink/videos/cnHINahj,Cricket
BCCI congratulates Poonam Yadav and Ravindra Jadeja for receiving Arjuna Awards,"30th Aug, 2019",-,international,women,Poonam Yadav,https://assets.bcci.tv/bcci/photo/2019/08/30/6f86f4fc-2dfd-4b72-82a6-22d6560d033d/Poonam-Yadav-Arjuna-Awards.jpg,https://www.bcci.tv/articles/2019/news/130362/,Cricket
Shafali Verma's stroke-filled 26(17),"9th Jan, 2024",152,international,women,Shafali Verma,https://bcciplayerimages.s3.ap-south-1.amazonaws.com/resizedimageskirti/3588749423001/61a84469-91c8-4af6-9b90-471e1a973a89/e659de69-cbf1-453c-9679-1db021b124f1/1280x720/match/image_compress.jpeg,https://www.bcci.tv/bccilink/videos/rul3PwC2,Cricket
"IND-W vs AUS-W 2023-24, 3rd T20I: Shafali Verma Wicket","9th Jan, 2024",111,international,women,Shafali Verma,https://bcciplayerimages.s3.ap-south-1.amazonaws.com/resizedimageskirti/3588749423001/e841d282-2df0-4716-9781-4d804468f804/8a07e0ec-82a4-4f78-8c72-b6abaa3a50fd/1280x720/match/image_compress.jpeg,https://www.bcci.tv/bccilink/videos/ilW1SnaP,Cricket
"4, 4, 4: Shafali Verma takes the attack to Kim Garth","9th Jan, 2024",603,international,women,Shafali Verma,https://bcciplayerimages.s3.ap-south-1.amazonaws.com/resizedimageskirti/3588749423001/a53a4181-660c-4fb0-8af2-2f6c14fbe543/570527af-35d2-45c4-be6d-bcf1c7bb29a0/1280x720/match/image_compress.jpeg,https://www.bcci.tv/bccilink/videos/pekOZ2Ht,Cricket
"IND-W vs AUS-W 2023-24, 2nd T20I: Shafali Verma Wicket","7th Jan, 2024",156,international,women,Shafali Verma,https://bcciplayerimages.s3.ap-south-1.amazonaws.com/resizedimageskirti/3588749423001/70f883d0-c4ad-4134-8be1-fc57937afbb2/a33d61c8-4746-434e-9406-bf46addfaecf/1280x720/match/image_compress.jpeg,https://www.bcci.tv/bccilink/videos/m178a3Qn,Cricket
"IND-W vs AUS-W 2023-24, 1st T20I: Shafali Verma Six","5th Jan, 2024",281,international,women,Shafali Verma,https://bcciplayerimages.s3.ap-south-1.amazonaws.com/resizedimageskirti/3588749423001/ab28c3f1-bf28-4612-b276-f43b18d7f0de/6ac86b6a-b2cb-47e9-bbad-c50cdabe34e8/1280x720/match/image_compress.jpeg,https://www.bcci.tv/bccilink/videos/IMeXWKSq,Cricket
Power & Panache: Shafali Verma's cracking straight sixes,"5th Jan, 2024",283,international,women,Shafali Verma,https://bcciplayerimages.s3.ap-south-1.amazonaws.com/resizedimageskirti/3588749423001/69d9d29d-3759-4eb0-b749-7d61e948355a/b9aaabb6-3c1a-4fd7-aa99-80dd74778732/1280x720/match/image_compress.jpeg,https://www.bcci.tv/bccilink/videos/65t8pevu,Cricket
"IND-W vs AUS-W 2023-24, 1st T20I: Shafali Verma Six","5th Jan, 2024",110,international,women,Shafali Verma,https://bcciplayerimages.s3.ap-south-1.amazonaws.com/resizedimageskirti/3588749423001/f732f419-bca2-445c-b07b-83cc94a4856d/06096778-4a5c-492a-a136-d375521035c8/1280x720/match/image_compress.jpeg,https://www.bcci.tv/bccilink/videos/Wxr1SOuX,Cricket
"IND-W vs AUS-W 2023-24, 1st T20I: Shafali Verma Six","5th Jan, 2024",169,international,women,Shafali Verma,https://bcciplayerimages.s3.ap-south-1.amazonaws.com/resizedimageskirti/3588749423001/79f6e877-f160-4620-ae4d-b589e4921ad0/a1dadeee-8cfc-4b86-9559-de14ff76e934/1280x720/match/image_compress.jpeg,https://www.bcci.tv/bccilink/videos/srHhaKMW,Cricket
"IND-W vs AUS-W 2023-24, 1st T20I: Shafali Verma Interview","5th Jan, 2024",72,international,women,Shafali Verma,https://bcciplayerimages.s3.ap-south-1.amazonaws.com/resizedimageskirti/3588749423001/60e5942b-4195-4924-954b-c111ea19d322/6877acee-a722-4702-b800-18b86170d9fe/1280x720/match/image_compress.jpeg,https://www.bcci.tv/bccilink/videos/Y3VKu4Oe,Cricket
"IND-W vs AUS-W 2023-24, 1st ODI: Shafali Verma Wicket","28th Dec, 2023",180,international,women,Shafali Verma,https://bcciplayerimages.s3.ap-south-1.amazonaws.com/resizedimageskirti/3588749423001/275bd4a2-3113-4cd6-9b3d-de314e954f2f/84d6a0a1-e5b0-4fd4-8db0-52160f9f0c6e/1280x720/match/image_compress.jpeg,https://www.bcci.tv/bccilink/videos/RjDuU8mZ,Cricket
Teen sensation Shafali Verma regains top spot in T2OI rankings,"23rd Mar, 2021",-,international,women,Shafali Verma,https://assets.bcci.tv/bcci/photo/2021/03/23/ed46af86-b9cf-4161-b1be-3a78097087ee/IMG_8037.JPG,https://www.bcci.tv/articles/2021/news/153290/teen-sensation-shafali-verma-regains-top-spot-in-t2oi-rankings,Cricket
Shafali Verma becomes top-ranked batter in ICC Women’s T20I Player Rankings,"4th Mar, 2020",-,international,women,Shafali Verma,https://assets.bcci.tv/bcci/photo/2020/03/04/43285011-6298-44ad-ac90-3c28cc7751da/1208339958.jpg,https://www.bcci.tv/articles/2020/news/146807/,Cricket
"Shafali Verma, Veda Krishnamurthy star in India A's win over Australia A","12th Dec, 2019",-,international,women,Shafali Verma,https://assets.bcci.tv/bcci/photo/2019/12/13/300e1e61-1e56-4a62-804c-f032811aa191/DSC_7371.JPG,https://www.bcci.tv/articles/2019/news/140757/,Cricket
"IND-W vs AUS-W 2023-24, 3rd T20I: Deepti Sharma Wicket","9th Jan, 2024",156,international,women,Deepti Sharma,https://bcciplayerimages.s3.ap-south-1.amazonaws.com/resizedimageskirti/3588749423001/e13a9625-a1a8-42c3-b4b4-4a0b936ddbd7/ad80108a-8683-4d90-8fc5-fb688cbdf1dd/1280x720/match/image_compress.jpeg,https://www.bcci.tv/bccilink/videos/p6rHMHRB,Cricket
"IND-W vs AUS-W 2023-24, 3rd T20I: Deepti Sharma Interview","9th Jan, 2024",110,international,women,Deepti Sharma,https://bcciplayerimages.s3.ap-south-1.amazonaws.com/resizedimageskirti/3588749423001/af9fa35f-aaed-4486-aedb-dac99c834431/acb0825d-00ae-4bda-98f2-c7b17b4f0440/1280x720/match/image_compress.jpeg,https://www.bcci.tv/bccilink/videos/CoUHAq2S,Cricket
We were about 15 runs short: Deepti Sharma,"7th Jan, 2024",487,international,women,Deepti Sharma,https://bcciplayerimages.s3.ap-south-1.amazonaws.com/resizedimageskirti/3588749423001/327a615c-0b82-4b96-9cd4-100564dc8912/0ebb5dcc-1f8e-4289-ba77-2ce059c28ec9/1280x720/match/image_compress.jpeg,https://www.bcci.tv/bccilink/videos/229LkYcH,Cricket
Super start & Excellent catch ft. Deepti Sharma and Shreyanka Patil,"7th Jan, 2024",402,international,women,Deepti Sharma,https://bcciplayerimages.s3.ap-south-1.amazonaws.com/resizedimageskirti/3588749423001/b0b3797d-b01c-4cbf-ac84-0bc6ae99aa5a/1f2e32e6-5504-44df-90a4-87ce331762c3/1280x720/match/image_compress.jpeg,https://www.bcci.tv/bccilink/videos/vS0Z9Kjk,Cricket
"IND-W vs AUS-W 2023-24, 2nd T20I: Deepti Sharma Wicket","7th Jan, 2024",140,international,women,Deepti Sharma,https://bcciplayerimages.s3.ap-south-1.amazonaws.com/resizedimageskirti/3588749423001/e17917cb-2d62-4954-92f6-97f12745fb86/b073c1c4-de8d-4d65-9c8e-bcd825225cc5/1280x720/match/image_compress.jpeg,https://www.bcci.tv/bccilink/videos/sqYPqROh,Cricket
Special Century: Deepti Sharma dismisses Litchfield for her 100th ODI wicket,"2nd Jan, 2024",137,international,women,Deepti Sharma,https://bcciplayerimages.s3.ap-south-1.amazonaws.com/resizedimageskirti/3588749423001/47f97b08-fd74-4981-99c2-2719351d8eab/00f9a740-589c-4763-b696-bd2883ca5fae/1280x720/match/image_compress.jpeg,https://www.bcci.tv/bccilink/videos/MFUzHcto,Cricket
I always keep myself ready to contribute to the team in any situation: Deepti Sharma,"1st Jan, 2024",173,international,women,Deepti Sharma,https://bcciplayerimages.s3.ap-south-1.amazonaws.com/resizedimageskirti/3588749423001/2ada1b13-2778-4684-809c-4843f1782bba/a1097b37-01df-4c37-9c13-c7a385c37778/1280x720/match/image_compress.jpeg,https://www.bcci.tv/bccilink/videos/QSRPFwdr,Cricket
"IND-W vs AUS-W 2023-24, 2nd ODI: Deepti Sharma Interview","30th Dec, 2023",92,international,women,Deepti Sharma,https://bcciplayerimages.s3.ap-south-1.amazonaws.com/resizedimageskirti/3588749423001/3ac27cc7-8966-4d1c-b691-d5e56ad9a6cd/e7e79df2-ca2b-4305-8c33-82e3a158f02b/1280x720/match/image_compress.jpeg,https://www.bcci.tv/bccilink/videos/zxZMtCzY,Cricket
Flight. Drift. Turn: Deepti Sharma's splendid delivery to clean up McGrath,"30th Dec, 2023",179,international,women,Deepti Sharma,https://bcciplayerimages.s3.ap-south-1.amazonaws.com/resizedimageskirti/3588749423001/bad7d746-f967-4352-a5e7-ab29bee5928d/21067c44-8b2f-4ba0-be7c-12fc796c99be/1280x720/match/image_compress.jpeg,https://www.bcci.tv/bccilink/videos/E1DsD6Ti,Cricket
"IND-W vs AUS-W 2023-24, 1st ODI: Deepti Sharma Wicket","28th Dec, 2023",115,international,women,Deepti Sharma,https://bcciplayerimages.s3.ap-south-1.amazonaws.com/resizedimageskirti/3588749423001/33ecf494-8356-4c70-b471-070987dee415/c9e39a00-04f7-422b-ada1-1ff95aa2c49c/1280x720/match/image_compress.jpeg,https://www.bcci.tv/bccilink/videos/kJcuWV8s,Cricket
Deepti Sharma named ICC Women’s Player of the Month for December,"16th Jan, 2024",-,international,women,Deepti Sharma,https://assets.bcci.tv/bcci/articles/1705403091_thumbnail.png,https://www.bcci.tv/articles/2024/news/55556086/deepti-sharma-named-icc-women-s-player-of-the-month-for-december,Cricket
Tuned my game according to the situation: Deepti Sharma,,-,international,women,Deepti Sharma,https://assets.bcci.tv/test/bcci/photo/2018/11/01/bfd7286d-b868-4074-9527-52cc7e3406e7/RhFjZhxz.jpg,https://www.bcci.tv/articles/1970/news/99786/,Cricket
I enjoy batting in the top-order: Deepti Sharma,,-,international,women,Deepti Sharma,https://assets.bcci.tv/test/bcci/photo/2018/11/01/512557d5-531f-4a65-8e00-56915542347a/aeelTmov.jpg,https://www.bcci.tv/articles/1970/news/98236/,Cricket
Veda Krishnamurthy's flying catch  ,"23rd Apr, 2020",33400,international,women,Veda Krishnamurthy,https://bcciplayerimages.s3.ap-south-1.amazonaws.com/resizedimageskirti/WrFfdvpd_compress.jpeg,https://www.bcci.tv/bccilink/videos/gUavrRSy,Cricket
Veda Krishnamurthy's entertaining 47*(29),"23rd Apr, 2020",863,international,women,Veda Krishnamurthy,https://bcciplayerimages.s3.ap-south-1.amazonaws.com/resizedimageskirti/DBSRvLya_compress.jpeg,https://www.bcci.tv/bccilink/videos/ikA5zPIh,Cricket
It means a lot to be in the final: Veda Krishnamurthy  ,"6th Mar, 2020",2900,international,women,Veda Krishnamurthy,https://bcciplayerimages.s3.ap-south-1.amazonaws.com/resizedimageskirti/jbzJfaop_compress.jpeg,https://www.bcci.tv/bccilink/videos/W5pkt6pU,Cricket
 Match against Bangladesh is just another game: Veda Krishnamurthy,"23rd Feb, 2020",3200,international,women,Veda Krishnamurthy,https://bcciplayerimages.s3.ap-south-1.amazonaws.com/resizedimageskirti/LBXUKDoC_compress.jpeg,https://www.bcci.tv/bccilink/videos/ipNfkdgz,Cricket
Women’s Sr T20 Challenger Trophy 2020: India C vs India B - Veda Krishnamurthy & Smriti Mandhana Interview,"9th Jan, 2020",1100,international,women,Veda Krishnamurthy,https://bcciplayerimages.s3.ap-south-1.amazonaws.com/resizedimageskirti/OILoztrv_compress.jpeg,https://www.bcci.tv/bccilink/videos/4N3vka0N,Cricket
Women’s Sr T20 Challenger Trophy 2020: India A vs India C - Harmanpreet Kaur & Veda Krishnamurthy Interview,"9th Jan, 2020",316,international,women,Veda Krishnamurthy,https://bcciplayerimages.s3.ap-south-1.amazonaws.com/resizedimageskirti/bwuNClkd_compress.jpeg,https://www.bcci.tv/bccilink/videos/z3DG5v0v,Cricket
Women’s Sr T20 Challenger Trophy 2020: India A vs India C - Veda Krishnamurthy Interview,"9th Jan, 2020",365,international,women,Veda Krishnamurthy,https://bcciplayerimages.s3.ap-south-1.amazonaws.com/resizedimageskirti/gzYLitgn_compress.jpeg,https://www.bcci.tv/bccilink/videos/0MZbEVpA,Cricket
Women’s Sr T20 Challenger Trophy 2020: India C vs India A - Harmanpreet Kaur & Veda Krishnamurthy Interview,"6th Jan, 2020",405,international,women,Veda Krishnamurthy,https://bcciplayerimages.s3.ap-south-1.amazonaws.com/resizedimageskirti/pzRcUrGo_compress.jpeg,https://www.bcci.tv/bccilink/videos/I98nuJt1,Cricket
Wish I had analysed the game better: Veda Krishnamurthy,"28th Jul, 2017",10200,international,women,Veda Krishnamurthy,https://bcciplayerimages.s3.ap-south-1.amazonaws.com/resizedimageskirti/UzixWpXG_compress.jpeg,https://www.bcci.tv/bccilink/videos/o3iR1j1w,Cricket
WWC 2017 - Ind v NZ - Veda Krishnamurthy’s fiery 70,"17th Jul, 2017",4900,international,women,Veda Krishnamurthy,https://bcciplayerimages.s3.ap-south-1.amazonaws.com/resizedimageskirti/FOdabgfK_compress.jpeg,https://www.bcci.tv/bccilink/videos/GmVEuqQ3,Cricket
"Shafali Verma, Veda Krishnamurthy star in India A's win over Australia A","12th Dec, 2019",-,international,women,Veda Krishnamurthy,https://assets.bcci.tv/bcci/photo/2019/12/13/300e1e61-1e56-4a62-804c-f032811aa191/DSC_7371.JPG,https://www.bcci.tv/articles/2019/news/140757/,Cricket
"In T20s, you need to score every ball: Veda Krishnamurthy","18th Nov, 2016",-,international,women,Veda Krishnamurthy,https://assets.bcci.tv/bcci/articles/1697017441_veda.webp,https://www.bcci.tv/articles/2016/news/98187/in-t20s-you-need-to-score-every-ball-veda-krishnamurthy,Cricket
We had to modify the target: Veda Krishnamurthy,,-,international,women,Veda Krishnamurthy,https://assets.bcci.tv/test/bcci/photo/2018/11/01/5d323cbe-c306-4816-b3c5-fae041c0ef5c/ijRUicpl.jpg,https://www.bcci.tv/articles/1970/news/98199/,Cricket
It was a top effort from Renuka: Yastika,"28th Apr, 2024",3700,international,women,Yastika,https://brightcoveimagecompression.s3.ap-south-1.amazonaws.com/output/input/6351938928112-1714332483.jpg,https://www.bcci.tv/bccilink/videos/6hhIpeC8,Cricket
"IND-W vs AUS-W 2023-24, 3rd ODI: Yastika Bhatia Wicket","2nd Jan, 2024",236,international,women,Yastika,https://bcciplayerimages.s3.ap-south-1.amazonaws.com/resizedimageskirti/3588749423001/956e72a5-e860-4fa3-875a-a8bc021ad929/3199af1c-8482-4b8d-a446-7d0546e803d6/1280x720/match/image_compress.jpeg,https://www.bcci.tv/bccilink/videos/VDVXJrKp,Cricket
"IND-W vs AUS-W 2023-24, 2nd ODI: Yastika Bhatia Wicket","30th Dec, 2023",372,international,women,Yastika,https://bcciplayerimages.s3.ap-south-1.amazonaws.com/resizedimageskirti/3588749423001/b2a7045b-b658-487f-8852-c4cdaee36105/33724e47-3a4e-4f78-88bc-9a8c4e2e3050/1280x720/match/image_compress.jpeg,https://www.bcci.tv/bccilink/videos/E9fdv4qd,Cricket
Yastika Bhatia's opening act of 49(64),"28th Dec, 2023",313,international,women,Yastika,https://bcciplayerimages.s3.ap-south-1.amazonaws.com/resizedimageskirti/3588749423001/12ef333c-2238-4e3d-a573-d4abc59a287c/87ee43a8-d79b-4cae-a089-15e8668cc449/1280x720/match/image_compress.jpeg,https://www.bcci.tv/bccilink/videos/eMlHF9k7,Cricket
"IND-W vs AUS-W 2023-24, 1st ODI: Yastika Bhatia Wicket","28th Dec, 2023",151,international,women,Yastika,https://bcciplayerimages.s3.ap-south-1.amazonaws.com/resizedimageskirti/3588749423001/e56ee3f9-7533-48d4-8c4b-c42bfb09c66d/21cee25b-73f7-48f3-ab30-cd5f253c530a/1280x720/match/image_compress.jpeg,https://www.bcci.tv/bccilink/videos/kXHkhjZZ,Cricket
"Cut. Heave. Drive: Yastika ups the ante with 4, 4, 4","28th Dec, 2023",59,international,women,Yastika,https://bcciplayerimages.s3.ap-south-1.amazonaws.com/resizedimageskirti/3588749423001/04ca93bd-c3e4-424c-b43f-8d92f35e2331/3d74c05c-6998-467b-a820-2837bc336381/1280x720/match/image_compress.jpeg,https://www.bcci.tv/bccilink/videos/88En2bUK,Cricket
Delightful straight drives ft. Yastika Bhatia,"28th Dec, 2023",71,international,women,Yastika,https://bcciplayerimages.s3.ap-south-1.amazonaws.com/resizedimageskirti/3588749423001/5996968c-d76e-4a89-aa5d-abe554989a88/871ce16e-f83b-4d69-a9db-84bd37bf78fe/1280x720/match/image_compress.jpeg,https://www.bcci.tv/bccilink/videos/ejrSTk8b,Cricket
"IND-W vs AUS-W 2023-24, 1st Test: Yastika Bhatia Wicket","22nd Dec, 2023",382,international,women,Yastika,https://bcciplayerimages.s3.ap-south-1.amazonaws.com/resizedimageskirti/3588749423001/01dd4377-14d1-4155-9d18-100b57b2ae52/fbf05f09-da3d-484c-bd55-72aa243f47b7/1280x720/match/image_compress.jpeg,https://www.bcci.tv/bccilink/videos/lqnaAqKM,Cricket
Early Breakthrough: Jemimah-Yastika combine to run out Litchfield,"21st Dec, 2023",507,international,women,Yastika,https://bcciplayerimages.s3.ap-south-1.amazonaws.com/resizedimageskirti/3588749423001/1e38fa93-7ae5-4a05-a325-ca7edc51ff47/e905569e-c445-44b6-a4f1-f6e570f43ce6/1280x720/match/image_compress.jpeg,https://www.bcci.tv/bccilink/videos/0TEtz3Uw,Cricket
"IND-W vs ENG-W 2023, 1st Test: Yastika Bhatia Wicket","15th Dec, 2023",215,international,women,Yastika,https://bcciplayerimages.s3.ap-south-1.amazonaws.com/resizedimageskirti/3588749423001/d7595e2e-ed7a-4d20-b1d1-de3d3b182f68/8bad75dd-b5d2-4b1c-a429-34182a9dbf7e/1280x720/match/image_compress.jpeg,https://www.bcci.tv/bccilink/videos/q0fPtE5F,Cricket
