title,date,views,platform,type,player_name,image_url,link,description,content,sport
Pooja Vastrakar will be really crucial going into T20 World Cup: Smriti Mandhana,"9th Jul, 2024",1300,international,men,World Cup,https://brightcove.iplt20.com/output/input/6357256987112-1720548842.jpg,https://www.bcci.tv/bccilink/videos/0ny9DP4s,,,Cricket
T20 World Cup Champions Team India felicitated in grand style in Mumbai,"6th Jul, 2024",28400,international,men,World Cup,https://brightcove.iplt20.com/output/input/6356822705112-1720258693.jpg,https://www.bcci.tv/bccilink/videos/xAWFatMh,,,Cricket
T20 World Cup 2024 Felicitation - Rahul Dravid interview,"4th Jul, 2024",51500,international,men,World Cup,https://brightcove.iplt20.com/output/input/6356589182112-1720116449.jpg,https://www.bcci.tv/bccilink/videos/QBV3jg96,,,Cricket
T20 World Cup 2024 Felicitation - Jasprit Bumrah interview,"4th Jul, 2024",46100,international,men,World Cup,https://brightcove.iplt20.com/output/input/6356589378112-1720116568.jpg,https://www.bcci.tv/bccilink/videos/T50bsoM4,,,Cricket
T20 World Cup 2024 Felicitation - Virat Kohli interview,"4th Jul, 2024",52500,international,men,World Cup,https://brightcove.iplt20.com/output/input/6356588295112-1720116453.jpg,https://www.bcci.tv/bccilink/videos/hfpUsUoF,,,Cricket
T20 World Cup 2024 Felicitation - Rohit Sharma interview,"4th Jul, 2024",60300,international,men,World Cup,https://brightcove.iplt20.com/output/input/6356586798112-1720115472.jpg,https://www.bcci.tv/bccilink/videos/LQyfcjaB,,,Cricket
It hasn't sunk in yet: Rohit Sharma on the T20 World Cup Triumph,"1st Jul, 2024",72700,international,men,World Cup,https://brightcove.iplt20.com/output/input/6356160459112-1719889056.jpg,https://www.bcci.tv/bccilink/videos/LhOl1Cso,,,Cricket
Team India's moment of glory | ICC Men's T20 World Cup 2024,"1st Jul, 2024",86400,international,men,World Cup,https://brightcove.iplt20.com/output/input/6356096151112-1719811193.jpg,https://www.bcci.tv/bccilink/videos/dDej0XG2,,,Cricket
Winning T20 World Cup is one of the greatest moments of my career; wanted to win the cup and say (good bye): Rohit Sharma,"30th Jun, 2024",105300,international,men,World Cup,https://brightcove.iplt20.com/output/input/6356038099112-1719725970.jpg,https://www.bcci.tv/bccilink/videos/cRaAtweq,,,Cricket
Fielder of the Match | South Africa ğŸ†š India | ICC Mens T20 World Cup 2024,"30th Jun, 2024",254900,international,men,World Cup,https://brightcove.iplt20.com/output/input/6356035676112-1719724474.jpg,https://www.bcci.tv/bccilink/videos/UYMxKSZt,,,Cricket
"Dominant, Unbeaten, and Magnificent: India Lift Second Men's T20 World Cup Title","30th Jun, 2024",-,international,men,World Cup,https://assets.bcci.tv/bcci/articles/1719691993_Trophy%20presentation%202.jpg,https://www.bcci.tv/articles/2024/news/55556122/dominant-unbeaten-and-magnificent-india-lift-second-men-s-t20-world-cup-title,"A magnificent all-round performance throughout the tournament saw a dominant and unbeaten Team India lift their second T20 World Cup title in Barbados. The Kensington Oval in Bridgetown, Barbados, was a sea of emotions as India scripted a stunning fightback to beat South Africa in a thrilling final. There was joy, tears, and euphoria as India held their nerve and edged South Africa by seven runs in a tightly-fought contest. A post shared by Team India (@indiancricketteam) Virat Kohli led the way with the bat on the big stage with a brilliant 76(59) to help India post a competitive 176/7. Kohli was ably supported by Axar Patel (47 off 31) and Shivam Dube (27 off 16) with crucial contributions. Defending the target, Jasprit Bumrah and Arshdeep Singh provided the perfect start with early wickets of Reeza Hendricks and Aiden Markram, respectively. South Africa then clawed their way back into the match courtesy of Quinton de Kock, Tristan Stubbs, Heinrich Klaasen and David Miller. With 26 needed off 24, Hardik Pandya, Bumrah and Arshdeep scripted a sensational comeback as Pandya defended 16 off the last over, which saw Suryakumar Yadav pull off a spectacular catch on the fence to dismiss Miller, to pull off a sensational win and give a perfect farewell gift to Head Coach Rahul Dravid. Kohli was named the Player of the Match, while Bumrah was named the Player of the Tournament for his splendid bowling right through the tournament, finishing as the joint-second highest wicket-taker with 15 wickets, with an excellent average and economy rate of 8.26 and 4.17, respectively. Virat Kohli scored a superb 7âƒ£6âƒ£ in the all-important Final & bagged the Player of the Match award as #TeamIndia won the #T20WorldCup 2024 ğŸ‘ ğŸ‘Scorecard â–¶ï¸ https://t.co/c2CcFqY7Pa#SAvIND | @imVkohli pic.twitter.com/V4kCJbrx4I India got into the groove early, right from the start and topped their group in the group stages with seven points. They won three of the four matches, with one match ending in a No Result, against Canada, due to a washout. The highlight of the group stage was their fighting win over Pakistan. The bowlers, led by Jasprit Bumrah (3/14) put on an impressive performance to defend 119 in New York as they restricted Pakistan to 113/7 and won the game by six runs. In the other group stage matches, they beat Ireland by eight wickets and the USA by seven wickets. 1âƒ£5âƒ£ Wickets! ğŸ”¥ ğŸ”¥Jasprit Bumrah was absolutely breathtaking with the ball for #TeamIndia & won the Player of the Tournament award as India clinched the #T20WorldCup 2024 title ğŸ† ğŸ™Œ#SAvIND | @Jaspritbumrah93 pic.twitter.com/jBxeZDMob1 They continued the momentum in the Super Eights and registered comfortable victories over Afghanistan (by 47 runs), Bangladesh (by 50 runs) and Australia (by 24 runs). The highlight of the Super Eights was India's win over Australia, where captain Rohit Sharma's blistering counter-attacking 92 off 41 balls, Axar Patel's magnificent match-turning one-handed catch on the fence to dismiss Mitchell Marsh, and some brilliant slog-overs bowling headlined India's impressive win. Team India carried forward their confidence in the semi-final and put on a brilliant all-round show to overpower England by 68 runs. Captain Rohit Sharma (57 off 39) and Suryakumar Yadav's (47 off 36) vital 73-run stand helped India post 171/7. The spinners then led the bowling charge as Axar Patel and Kuldeep Yadav picked up three wickets each to bowl England out for 103 as India cruised into the final, where they beat South Africa to lift the trophy. It was a special campaign with a special team performance which brought a special win and plenty of joy and smiles to the nation and the fans. A post shared by Team India (@indiancricketteam)","A magnificent all-round performance throughout the tournament saw a dominant and unbeaten Team India lift their second T20 World Cup title in Barbados. The Kensington Oval in Bridgetown, Barbados, was a sea of emotions as India scripted a stunning fightback to beat South Africa in a thrilling final. There was joy, tears, and euphoria as India held their nerve and edged South Africa by seven runs in a tightly-fought contest. A post shared by Team India (@indiancricketteam) Virat Kohli led the way with the bat on the big stage with a brilliant 76(59) to help India post a competitive 176/7. Kohli was ably supported by Axar Patel (47 off 31) and Shivam Dube (27 off 16) with crucial contributions. Defending the target, Jasprit Bumrah and Arshdeep Singh provided the perfect start with early wickets of Reeza Hendricks and Aiden Markram, respectively. South Africa then clawed their way back into the match courtesy of Quinton de Kock, Tristan Stubbs, Heinrich Klaasen and David Miller. With 26 needed off 24, Hardik Pandya, Bumrah and Arshdeep scripted a sensational comeback as Pandya defended 16 off the last over, which saw Suryakumar Yadav pull off a spectacular catch on the fence to dismiss Miller, to pull off a sensational win and give a perfect farewell gift to Head Coach Rahul Dravid. Kohli was named the Player of the Match, while Bumrah was named the Player of the Tournament for his splendid bowling right through the tournament, finishing as the joint-second highest wicket-taker with 15 wickets, with an excellent average and economy rate of 8.26 and 4.17, respectively. Virat Kohli scored a superb 7âƒ£6âƒ£ in the all-important Final & bagged the Player of the Match award as #TeamIndia won the #T20WorldCup 2024 ğŸ‘ ğŸ‘Scorecard â–¶ï¸ https://t.co/c2CcFqY7Pa#SAvIND | @imVkohli pic.twitter.com/V4kCJbrx4I India got into the groove early, right from the start and topped their group in the group stages with seven points. They won three of the four matches, with one match ending in a No Result, against Canada, due to a washout. The highlight of the group stage was their fighting win over Pakistan. The bowlers, led by Jasprit Bumrah (3/14) put on an impressive performance to defend 119 in New York as they restricted Pakistan to 113/7 and won the game by six runs. In the other group stage matches, they beat Ireland by eight wickets and the USA by seven wickets. 1âƒ£5âƒ£ Wickets! ğŸ”¥ ğŸ”¥Jasprit Bumrah was absolutely breathtaking with the ball for #TeamIndia & won the Player of the Tournament award as India clinched the #T20WorldCup 2024 title ğŸ† ğŸ™Œ#SAvIND | @Jaspritbumrah93 pic.twitter.com/jBxeZDMob1 They continued the momentum in the Super Eights and registered comfortable victories over Afghanistan (by 47 runs), Bangladesh (by 50 runs) and Australia (by 24 runs). The highlight of the Super Eights was India's win over Australia, where captain Rohit Sharma's blistering counter-attacking 92 off 41 balls, Axar Patel's magnificent match-turning one-handed catch on the fence to dismiss Mitchell Marsh, and some brilliant slog-overs bowling headlined India's impressive win. Team India carried forward their confidence in the semi-final and put on a brilliant all-round show to overpower England by 68 runs. Captain Rohit Sharma (57 off 39) and Suryakumar Yadav's (47 off 36) vital 73-run stand helped India post 171/7. The spinners then led the bowling charge as Axar Patel and Kuldeep Yadav picked up three wickets each to bowl England out for 103 as India cruised into the final, where they beat South Africa to lift the trophy. It was a special campaign with a special team performance which brought a special win and plenty of joy and smiles to the nation and the fans. A post shared by Team India (@indiancricketteam)",Cricket
Indiaâ€™s squad for ICC Menâ€™s T20 World Cup 2024 announced,"30th Apr, 2024",-,international,men,World Cup,https://assets.bcci.tv/bcci/articles/1714472095__AI_1009%20%281%29.jpg,https://www.bcci.tv/articles/2024/news/55556111/india-s-squad-for-icc-men-s-t20-world-cup-2024-announced,"MEDIA ADVISORY April 30, 2024 Indiaâ€™s squad for ICC Menâ€™s T20 World Cup 2024 announced The Senior Selection Committee on Tuesday picked Indiaâ€™s 15-member squad for the upcoming ICC Menâ€™s T20 World Cup 2024, which will be hosted in the West Indies and USA. India will begin their World Cup campaign against Ireland on June 05, 2024 at the Nassau County International Cricket Stadium, New York, followed by the marquee clash against Pakistan on June 09, 2024 at the same venue. India will then play USA and Canada on June 12 and 15 respectively. Squad:Â Rohit Sharma (Captain),Â Hardik Pandya (Vice Captain), YashasviÂ Jaiswal, Virat Kohli, Suryakumar Yadav, Rishabh PantÂ (WK), Sanju Samson (WK), Shivam Dube, Ravindra Jadeja, Axar Patel, Kuldeep Yadav, Yuzvendra Chahal, Arshdeep Singh, Jasprit Bumrah, Mohd. Siraj. ReservesÂ â€“ Shubman Gill, Rinku Singh, Khaleel Ahmed and Avesh Khan Â  ICC Menâ€™s T20 World Cup 2024 â€“ Indiaâ€™s Fixtures (Group A matches) Date Day Match Venue 05-June-24 Wednesday India vs Ireland Nassau County International Cricket Stadium, New York 09-June-24 Sunday India vs Pakistan Nassau County International Cricket Stadium, New York 12-June-24 Wednesday USA vs India Nassau County International Cricket Stadium, New York 15-June-24 Saturday India vs Canada Central Broward Park & Broward County Stadium, Lauderhill Â  Note: Captain Rohit Sharma, and Chairman of Selection Committee, Mr Ajit Agarkar will address a press conference on May 2nd at 4 pm at BCCI HQ in Mumbai. The process for attending the conference will be shared separately. Â  JAY SHAH Honorary Secretary BCCI","MEDIA ADVISORY April 30, 2024 Indiaâ€™s squad for ICC Menâ€™s T20 World Cup 2024 announced The Senior Selection Committee on Tuesday picked Indiaâ€™s 15-member squad for the upcoming ICC Menâ€™s T20 World Cup 2024, which will be hosted in the West Indies and USA. India will begin their World Cup campaign against Ireland on June 05, 2024 at the Nassau County International Cricket Stadium, New York, followed by the marquee clash against Pakistan on June 09, 2024 at the same venue. India will then play USA and Canada on June 12 and 15 respectively. Squad:Â Rohit Sharma (Captain),Â Hardik Pandya (Vice Captain), YashasviÂ Jaiswal, Virat Kohli, Suryakumar Yadav, Rishabh PantÂ (WK), Sanju Samson (WK), Shivam Dube, Ravindra Jadeja, Axar Patel, Kuldeep Yadav, Yuzvendra Chahal, Arshdeep Singh, Jasprit Bumrah, Mohd. Siraj. ReservesÂ â€“ Shubman Gill, Rinku Singh, Khaleel Ahmed and Avesh Khan Â  ICC Menâ€™s T20 World Cup 2024 â€“ Indiaâ€™s Fixtures (Group A matches) Date Day Match Venue 05-June-24 Wednesday India vs Ireland Nassau County International Cricket Stadium, New York 09-June-24 Sunday India vs Pakistan Nassau County International Cricket Stadium, New York 12-June-24 Wednesday USA vs India Nassau County International Cricket Stadium, New York 15-June-24 Saturday India vs Canada Central Broward Park & Broward County Stadium, Lauderhill Â  Note: Captain Rohit Sharma, and Chairman of Selection Committee, Mr Ajit Agarkar will address a press conference on May 2nd at 4 pm at BCCI HQ in Mumbai. The process for attending the conference will be shared separately. Â  JAY SHAH Honorary Secretary BCCI",Cricket
Australia pip India in final to win ICC U19 Menâ€™s World Cup,"12th Feb, 2024",-,international,men,World Cup,https://assets.bcci.tv/bcci/articles/1707718711_2002257365.jpg,https://www.bcci.tv/articles/2024/news/55556096/australia-pip-india-in-final-to-win-icc-u19-men-s-world-cup,"A dominant Australian side produced an all-round performance to secure their fourth ICC U19 Menâ€™s Cricket World Cup crown, overcoming a formidable Indian side in the ICC U19 World Cup final Willowmoore Park, Benoni on Sunday. India, who entered the tournament as defending champions, came off second best in what was their fifth consecutive final appearance in the U19 Menâ€™s CWC. The #BoysInBlue impressed everyone throughout the #U19WorldCup with some memorable performances ğŸ‘ŒğŸ‘ŒWell played #TeamIndia ğŸ‘ğŸ‘#INDvAUS pic.twitter.com/Zf2BwQ3sY3 Led by Hugh Weibgen, Australia first posted the highest total ever recorded in a U19 Menâ€™s CWC final and then executed a flawless display of bowling to dismantle Indiaâ€™s chase and secure the win by 79 runs. Australia won the toss and opted to bat under a cloudy sky in Benoni, and immediately got off to a fiery start. Raj Limbani was the first to strike from an Indian bowling outfit that had looked so dominant before the final, producing a brilliant inswinger to go through the defence of Sam Konstas.Â  India introduced Saumy Pandey into the attack early, hoping to capitalize on any vulnerability Hugh Weibgen may have had against left-arm spin. The Australian skipper had been dismissed by left-arm spinners in three matches in the tournament prior to the final, and once by Pandey himself in a warm-up game in January. But with the left-handed Dixon at the other end, the Aussie pair rotated strike easily against the Indian bowlers. Captain Uday Saharan turned to Musheer Khan, another left-arm spinner, to save Pandeyâ€™s overs, but the Webgen-Dixon partnership grew in confidence. Though the introduction of spin momentarily slowed the scoring rate, it failed to yield wickets. Consequently, India reverted to pace after 11 successive overs of spin. It immediately reaped dividends. Tiwari induced a miscue from Weibgen, who drove straight to Musheer at backward point for 48. Tiwari struck again in his next over, coaxing Dixon to lob one skyward with a well-disguised knuckle ball. With two quick wickets, India clawed their way back into contention, but Harjas Singh, who had previously struggled for form in the tournament, rose to the occasion with a crucial knock. Teaming up with Ryan Hicks, Harjas anchored the Australian innings. With only two frontline quicks and the medium pace of Arshin Kulkarni at their disposal, India had little choice but to turn back to spin. However, the Aussie pair continued to accumulate runs with minimal risk. Harjas opened up against Priyanshu Moliya, smashing him for a six and a four to assert his dominance on the bowling attack. He continued to take full toll on the spinners while Hicks found gaps to rotate the strike regularly. The return of Limbani brought a wicket as the seamer trapped Hicks in front for 20 to break the partnership. Harjas continued unperturbed and completed a fine half-century â€“ his first in the tournament â€“ off 59 balls. Pandey came back into the attack in the 38th over and trapped Harjas in front for 55 to give India a massive breakthrough. Musheer added another scalp, that of Raf MacMillan, in the 40th over and Australia slipped from 165/3 to 187/6. Ollie Peake, coming in off a match-winning knock in the semi-finals, and Charlie Anderson built steadily before Limbani picked up his third wicket by trapping the latter in front in the 46th over.Â  Peake remained unbeaten on 46 as Australia finished on 253, the highest total registered in a final of an U19 Menâ€™s CWC.Â  India had a daunting target ahead of them against a formidable pace attack. Callum Vidler started the second innings with a maiden over and Anderson, who had taken four wickets in the warm-up game against India, bowled another tight over with the new ball. The mounting pressure gave way to the first wicketÂ â€“Â Vidler had Kulkarni edging behind off a delivery that seamed away. Australia had their first strike, and it forced India into defensive mode with Adarsh Singh and Musheer Khan aiming to survive the new ball spells from the Aussie quicks. Musheer showed early glimpses of promise with some fine shots, one of them a seamless punch down the ground for four. However, Mahli Beardman was introduced into the attack and the extra pace of an angled delivery into the right-hander exposed a gap in the batterâ€™s defence. Indiaâ€™s most reliable batter in the tournament, their skipper Uday Saharan, joined Adarsh in the middle with his side in huge trouble. The scoring rate hadnâ€™t picked up, and they were staring at a big target with two wickets down already. Saharan attempted to break free after a cautious start, but an aggressive drive resulted in a thick edge that found its way to Weibgen at backward point as Beardman struck for the second time in quick succession.Â  Indiaâ€™s woes compounded as Sachin Dhas, the in-form batter, perished to MacMillanâ€™s first ball. The off-spinner had Dhas caught behind for nine as India leaving India in dire straits at 68/4. Adarsh found some company from Moliya and the stand got India into the nineties, but he top-edged a pull off Anderson and the resistance was broken. Aravelly Avanish gave a return catch to MacMillan in the next over and India were six down.Â Â  Sensing the increasing need to add runs, Adarsh attempted to accelerate his subdued innings, finding boundaries with a four and a six off Vidler. However, he ultimately nicked a short ball from Beardman to the â€˜keeper, departing after a patient vigil at the crease, having scored 47. Murugan Abhishek provided some late fireworks, but it was too little, too late for India, who were too far adrift from the target to mount a successful comeback. He finished on 42, miscuing a pull off Vidlerâ€™s final over.Â  India were bowled out for 174, finishing second-best. Beardman walked away with the Player of the Match award for what proved to be a match-winning spell of three for 15 from his seven overs. Indian captain Uday Saharan commended the fighting spirit of his team and hoped to learn from the experience. â€œIâ€™m proud of the boys, they played very well and showed good fighting spirit. We played a few rash shots and didnâ€™t spend time in the middle. We were prepared but couldnâ€™t quite execute well. There are a lot of learnings from the tournament. We learnt a lot from the coaches and support staff and more importantly from the games themselves.â€","A dominant Australian side produced an all-round performance to secure their fourth ICC U19 Menâ€™s Cricket World Cup crown, overcoming a formidable Indian side in the ICC U19 World Cup final Willowmoore Park, Benoni on Sunday. India, who entered the tournament as defending champions, came off second best in what was their fifth consecutive final appearance in the U19 Menâ€™s CWC. The #BoysInBlue impressed everyone throughout the #U19WorldCup with some memorable performances ğŸ‘ŒğŸ‘ŒWell played #TeamIndia ğŸ‘ğŸ‘#INDvAUS pic.twitter.com/Zf2BwQ3sY3 Led by Hugh Weibgen, Australia first posted the highest total ever recorded in a U19 Menâ€™s CWC final and then executed a flawless display of bowling to dismantle Indiaâ€™s chase and secure the win by 79 runs. Australia won the toss and opted to bat under a cloudy sky in Benoni, and immediately got off to a fiery start. Raj Limbani was the first to strike from an Indian bowling outfit that had looked so dominant before the final, producing a brilliant inswinger to go through the defence of Sam Konstas.Â  India introduced Saumy Pandey into the attack early, hoping to capitalize on any vulnerability Hugh Weibgen may have had against left-arm spin. The Australian skipper had been dismissed by left-arm spinners in three matches in the tournament prior to the final, and once by Pandey himself in a warm-up game in January. But with the left-handed Dixon at the other end, the Aussie pair rotated strike easily against the Indian bowlers. Captain Uday Saharan turned to Musheer Khan, another left-arm spinner, to save Pandeyâ€™s overs, but the Webgen-Dixon partnership grew in confidence. Though the introduction of spin momentarily slowed the scoring rate, it failed to yield wickets. Consequently, India reverted to pace after 11 successive overs of spin. It immediately reaped dividends. Tiwari induced a miscue from Weibgen, who drove straight to Musheer at backward point for 48. Tiwari struck again in his next over, coaxing Dixon to lob one skyward with a well-disguised knuckle ball. With two quick wickets, India clawed their way back into contention, but Harjas Singh, who had previously struggled for form in the tournament, rose to the occasion with a crucial knock. Teaming up with Ryan Hicks, Harjas anchored the Australian innings. With only two frontline quicks and the medium pace of Arshin Kulkarni at their disposal, India had little choice but to turn back to spin. However, the Aussie pair continued to accumulate runs with minimal risk. Harjas opened up against Priyanshu Moliya, smashing him for a six and a four to assert his dominance on the bowling attack. He continued to take full toll on the spinners while Hicks found gaps to rotate the strike regularly. The return of Limbani brought a wicket as the seamer trapped Hicks in front for 20 to break the partnership. Harjas continued unperturbed and completed a fine half-century â€“ his first in the tournament â€“ off 59 balls. Pandey came back into the attack in the 38th over and trapped Harjas in front for 55 to give India a massive breakthrough. Musheer added another scalp, that of Raf MacMillan, in the 40th over and Australia slipped from 165/3 to 187/6. Ollie Peake, coming in off a match-winning knock in the semi-finals, and Charlie Anderson built steadily before Limbani picked up his third wicket by trapping the latter in front in the 46th over.Â  Peake remained unbeaten on 46 as Australia finished on 253, the highest total registered in a final of an U19 Menâ€™s CWC.Â  India had a daunting target ahead of them against a formidable pace attack. Callum Vidler started the second innings with a maiden over and Anderson, who had taken four wickets in the warm-up game against India, bowled another tight over with the new ball. The mounting pressure gave way to the first wicketÂ â€“Â Vidler had Kulkarni edging behind off a delivery that seamed away. Australia had their first strike, and it forced India into defensive mode with Adarsh Singh and Musheer Khan aiming to survive the new ball spells from the Aussie quicks. Musheer showed early glimpses of promise with some fine shots, one of them a seamless punch down the ground for four. However, Mahli Beardman was introduced into the attack and the extra pace of an angled delivery into the right-hander exposed a gap in the batterâ€™s defence. Indiaâ€™s most reliable batter in the tournament, their skipper Uday Saharan, joined Adarsh in the middle with his side in huge trouble. The scoring rate hadnâ€™t picked up, and they were staring at a big target with two wickets down already. Saharan attempted to break free after a cautious start, but an aggressive drive resulted in a thick edge that found its way to Weibgen at backward point as Beardman struck for the second time in quick succession.Â  Indiaâ€™s woes compounded as Sachin Dhas, the in-form batter, perished to MacMillanâ€™s first ball. The off-spinner had Dhas caught behind for nine as India leaving India in dire straits at 68/4. Adarsh found some company from Moliya and the stand got India into the nineties, but he top-edged a pull off Anderson and the resistance was broken. Aravelly Avanish gave a return catch to MacMillan in the next over and India were six down.Â Â  Sensing the increasing need to add runs, Adarsh attempted to accelerate his subdued innings, finding boundaries with a four and a six off Vidler. However, he ultimately nicked a short ball from Beardman to the â€˜keeper, departing after a patient vigil at the crease, having scored 47. Murugan Abhishek provided some late fireworks, but it was too little, too late for India, who were too far adrift from the target to mount a successful comeback. He finished on 42, miscuing a pull off Vidlerâ€™s final over.Â  India were bowled out for 174, finishing second-best. Beardman walked away with the Player of the Match award for what proved to be a match-winning spell of three for 15 from his seven overs. Indian captain Uday Saharan commended the fighting spirit of his team and hoped to learn from the experience. â€œIâ€™m proud of the boys, they played very well and showed good fighting spirit. We played a few rash shots and didnâ€™t spend time in the middle. We were prepared but couldnâ€™t quite execute well. There are a lot of learnings from the tournament. We learnt a lot from the coaches and support staff and more importantly from the games themselves.â€",Cricket
Gritty India beat South Africa in thriller to reach ICC U19 Menâ€™s Cricket World Cup 2024 Final,"7th Feb, 2024",-,international,men,World Cup,https://assets.bcci.tv/bcci/articles/1707290053_1990361069.jpg,https://www.bcci.tv/articles/2024/news/55556093/gritty-india-beat-south-africa-in-thriller-to-reach-icc-u19-men-s-cricket-world-cup-2024-final,"In a thrilling contest that went down to the wire, India secured a hard-fought victory, thanks to outstanding half-centuries from Uday Saharan and Sachin Dhas. Saharan's team will now have the chance to defend their title in the final on Sunday, 11 February. India now await the winner of the second semi-final match between Australia and Pakistan on Thursday to see who they will face in the title clash. Securing a thrilling win âœ…Stitching a match-winning partnership ğŸ¤Story behind the name 'Sachin' ğŸ˜ƒOn the mic with #U19WorldCup Semi-Final Heroes - Captain Uday Saharan & Sachin Dhas ğŸ‘ŒğŸ‘ŒWATCH ğŸ¥ğŸ”½ #TeamIndia | #BoysInBlue | #INDvSAhttps://t.co/RfjGfQEw2P After losing four tosses in the first four games, Uday Saharan got it right for the second in a row and chose to field first. This was the first time that India bowled first in the tournament, having batted in each of their five victories so far. Once again displaying his customary aggression in the tournament, South Africa opener Steve Stolk took charge early on, hitting two fours in the first three overs. He continued his onslaught with a maximum off Raj Limbani in the fifth but it was the Indian pacer who had the last laugh as Stolk's attempted cut resulted in an edge straight into the hands of the wicketkeeper. Lhuan-dre Pretorius kept the foot on the pedal thereafter, including a six and a four against Naman Tiwari in the 8th over. At the other end though, Limbani was on the money and accounted for the wicket of David Teeger for a duck, rattling the stumps with a peach of an inswinger. By the end of the Powerplay, South Africa were going close to a run-a-ball. Saharan decided to introduce his spinners into play, effectively curbing South Africa's scoring â€“ only five boundaries were scored in the span of overs 11 to 30. With the run-rate at less than four, the mounting pressure got to Pretorius, who tried to swat Musheer Khan over mid-wicket, but Murugan Abhishek showed brilliant reflexes to hang on to a stunning catch. The Proteas saw an uptick in boundaries when Seletswane and Oliver Whitehead combined for a 45-run partnership. Just as the partnership started to look dangerous, Musheer struck with the final ball of his spell, dismissing Whitehead. Dewan Marais holed out to Saumy Pandey inches inside the boundary for just 3. Between the two wickets, Seletswane brought up a patient half-century but having taken 90 balls to get to the milestone, the youngster fell trying to make up for the scoring rate. Seletswane tried to take the attack to Naman Tiwari but was undone by a good catch by Priyanshu Moliya running in from the deep. Juan James too departed after a solid 19-ball 24-run cameo, leaving South Africa at 221/7 with two overs to go. Tristan Luus gave the innings some much-needed impetus in the final two overs, unleashing two sixes and a four to finish with an unbeaten 23 off 12 balls. As a result, South Africa set India a target of 245. This was the first time a team had got past the 200-run mark against India in the tournament so far. The #BoysInBlue are into the FINAL of the #U19WorldCup! ğŸ¥³A thrilling 2âƒ£-wicket win over South Africa U-19 ğŸ‘ğŸ‘Scorecard â–¶ï¸ https://t.co/Ay8YmV8QDg#TeamIndia | #INDvSA pic.twitter.com/wMxe7gVAiL In the chase, India stuttered early on and were reduced to 32/4 inside 12 overs. Captain Saharan and Sachin Dhas then orchestrated a remarkable rescue mission with an impressive partnership. With runs drying up, the pair mixed caution with aggression to keep the scoreboard ticking. Particularly targeting the bowling of Riley Norton, Dhas showcased his prowess by striking three boundaries in a single over, reclaiming some control for India. While Saharan held firm at one end, Dhas assumed the role of the aggressor, racing to a half-century off 47 balls to keep the required run rate under 6. Saharan quickly found his rhythm with a splendid boundary off James, not only marking the 100-run partnership for the fifth wicket but also propelling himself past Musheer Khan to claim the top spot on the tournament run-scoring charts. The partnership between the two was a masterclass in innings building and chasing, as they milked singles relentlessly while putting the poor deliveries away for boundaries. The skipper too got in on the act, reaching his fifty off 88 balls with a boundary as India inched closer to victory. Just as the required run rate got to a run-a-ball, Dhas and Saharan dispatched James for a six and four respectively to calm the nerves in the Indian camp. But there was another twist as South Africa hit back when Maphaka was reintroduced into the attack. He got the better of Dhas with a well-disguised slower ball, the batter falling agonisingly short of a century on 96. Aravelly Avanish displayed nerves of steel by striking a crucial boundary off Norton on the final ball of the 46th over. India lost Avanish and Murugan Abhishek in quick succession though but a six from Raj Limbani shifted the equation, bringing it down to nine runs required off the last two overs. Saharan put to rest any hopes of a South African comeback with four off the first ball of the penultimate over. In another twist to the game, Saharan was run out trying to scramble for the winning run. However, Limbani came in clutch again and struck a four off the final ball of the over to continue their unbeaten run and book their berth in the final. The Player of the Match, India captain Uday Saharan, shared insights in the post-match presentation after bailing the team out of early trouble. â€œI just believed in myself [after coming out to bat]. I knew it was a matter of one partnership, and the game would be ours. I just kept telling myself repeatedly that I needed to bat till the end.â€","In a thrilling contest that went down to the wire, India secured a hard-fought victory, thanks to outstanding half-centuries from Uday Saharan and Sachin Dhas. Saharan's team will now have the chance to defend their title in the final on Sunday, 11 February. India now await the winner of the second semi-final match between Australia and Pakistan on Thursday to see who they will face in the title clash. Securing a thrilling win âœ…Stitching a match-winning partnership ğŸ¤Story behind the name 'Sachin' ğŸ˜ƒOn the mic with #U19WorldCup Semi-Final Heroes - Captain Uday Saharan & Sachin Dhas ğŸ‘ŒğŸ‘ŒWATCH ğŸ¥ğŸ”½ #TeamIndia | #BoysInBlue | #INDvSAhttps://t.co/RfjGfQEw2P After losing four tosses in the first four games, Uday Saharan got it right for the second in a row and chose to field first. This was the first time that India bowled first in the tournament, having batted in each of their five victories so far. Once again displaying his customary aggression in the tournament, South Africa opener Steve Stolk took charge early on, hitting two fours in the first three overs. He continued his onslaught with a maximum off Raj Limbani in the fifth but it was the Indian pacer who had the last laugh as Stolk's attempted cut resulted in an edge straight into the hands of the wicketkeeper. Lhuan-dre Pretorius kept the foot on the pedal thereafter, including a six and a four against Naman Tiwari in the 8th over. At the other end though, Limbani was on the money and accounted for the wicket of David Teeger for a duck, rattling the stumps with a peach of an inswinger. By the end of the Powerplay, South Africa were going close to a run-a-ball. Saharan decided to introduce his spinners into play, effectively curbing South Africa's scoring â€“ only five boundaries were scored in the span of overs 11 to 30. With the run-rate at less than four, the mounting pressure got to Pretorius, who tried to swat Musheer Khan over mid-wicket, but Murugan Abhishek showed brilliant reflexes to hang on to a stunning catch. The Proteas saw an uptick in boundaries when Seletswane and Oliver Whitehead combined for a 45-run partnership. Just as the partnership started to look dangerous, Musheer struck with the final ball of his spell, dismissing Whitehead. Dewan Marais holed out to Saumy Pandey inches inside the boundary for just 3. Between the two wickets, Seletswane brought up a patient half-century but having taken 90 balls to get to the milestone, the youngster fell trying to make up for the scoring rate. Seletswane tried to take the attack to Naman Tiwari but was undone by a good catch by Priyanshu Moliya running in from the deep. Juan James too departed after a solid 19-ball 24-run cameo, leaving South Africa at 221/7 with two overs to go. Tristan Luus gave the innings some much-needed impetus in the final two overs, unleashing two sixes and a four to finish with an unbeaten 23 off 12 balls. As a result, South Africa set India a target of 245. This was the first time a team had got past the 200-run mark against India in the tournament so far. The #BoysInBlue are into the FINAL of the #U19WorldCup! ğŸ¥³A thrilling 2âƒ£-wicket win over South Africa U-19 ğŸ‘ğŸ‘Scorecard â–¶ï¸ https://t.co/Ay8YmV8QDg#TeamIndia | #INDvSA pic.twitter.com/wMxe7gVAiL In the chase, India stuttered early on and were reduced to 32/4 inside 12 overs. Captain Saharan and Sachin Dhas then orchestrated a remarkable rescue mission with an impressive partnership. With runs drying up, the pair mixed caution with aggression to keep the scoreboard ticking. Particularly targeting the bowling of Riley Norton, Dhas showcased his prowess by striking three boundaries in a single over, reclaiming some control for India. While Saharan held firm at one end, Dhas assumed the role of the aggressor, racing to a half-century off 47 balls to keep the required run rate under 6. Saharan quickly found his rhythm with a splendid boundary off James, not only marking the 100-run partnership for the fifth wicket but also propelling himself past Musheer Khan to claim the top spot on the tournament run-scoring charts. The partnership between the two was a masterclass in innings building and chasing, as they milked singles relentlessly while putting the poor deliveries away for boundaries. The skipper too got in on the act, reaching his fifty off 88 balls with a boundary as India inched closer to victory. Just as the required run rate got to a run-a-ball, Dhas and Saharan dispatched James for a six and four respectively to calm the nerves in the Indian camp. But there was another twist as South Africa hit back when Maphaka was reintroduced into the attack. He got the better of Dhas with a well-disguised slower ball, the batter falling agonisingly short of a century on 96. Aravelly Avanish displayed nerves of steel by striking a crucial boundary off Norton on the final ball of the 46th over. India lost Avanish and Murugan Abhishek in quick succession though but a six from Raj Limbani shifted the equation, bringing it down to nine runs required off the last two overs. Saharan put to rest any hopes of a South African comeback with four off the first ball of the penultimate over. In another twist to the game, Saharan was run out trying to scramble for the winning run. However, Limbani came in clutch again and struck a four off the final ball of the over to continue their unbeaten run and book their berth in the final. The Player of the Match, India captain Uday Saharan, shared insights in the post-match presentation after bailing the team out of early trouble. â€œI just believed in myself [after coming out to bat]. I knew it was a matter of one partnership, and the game would be ours. I just kept telling myself repeatedly that I needed to bat till the end.â€",Cricket
Fixtures for ICC T20 World Cup 2024 announced,"5th Jan, 2024",-,international,men,World Cup,https://assets.bcci.tv/bcci/articles/1704467428_Web_BannerDesign.png,https://www.bcci.tv/articles/2024/news/55556080/fixtures-for-icc-t20-world-cup-2024-announced,"Fixtures for ICC T20 World Cup 2024 announced Placed in Group A, India to play all their matches in the USA The ICC on Friday, January 5, 2024, announced the fixtures for the upcoming ICC Men's T20 World Cup 2024 to be staged jointly at three venues in the USA and six in the Caribbean from 1stÂ to 29thÂ June.Â The 20-team event is split up into four groups consisting of five teams, with the top two sides from each group then progressing to the Super Six phase of the tournament ahead of the knockout semi-finals and final. ğŸ“¢ Announced!Take a look at #TeamIndia's group stage fixtures for the upcoming ICC Men's T20 World Cup 2024 ğŸ‘ŒğŸ‘ŒIndia will play all their group matches in the USA ğŸ‡ºğŸ‡¸#T20WorldCup pic.twitter.com/zv1xrqr0VZ The 20 teams have been divided into four groups of five Group A: India, Pakistan, Ireland, Canada and the USA Group B: England, Australia, Namibia, Scotland and Oman Group C: New Zealand, the West Indies, Afghanistan, Uganda and Papua New Guinea Group D: South Africa, Sri Lanka, Bangladesh, the Netherlands and Nepal Teams seeded first and second in their groups in the first round will retain that seeding in the Super Eight, provided they qualify. Super Eight matches are scheduled to be played in the Caribbean destinations Antigua and Barbuda, Barbados, Saint Lucia and Saint Vincent and the Grenadines. The two top teams from each group in the Super Eight will progress to the semi-finals, which will be held in Guyana and Trinidad and Tobago on Wednesday 26 and Thursday 27 June respectively. The final will be held at the Kensington Oval in Barbados on Saturday 29 June. The tournament will commence on 1 June with the USA taking on Canada, while fellow hosts the West Indies will play Papua New Guinea in Guyana on the second day of group play. India will play three of their group games in New York and one in Florida. The Men in Blue will kick off their campaign against Ireland on June 5th.Â The marquee India-Pakistan clash will take place on Sunday, 9thÂ June at theÂ 34,000-seat modular stadium just 30 miles east of downtown Manhattan in Nassau County, New York.Â India will play their last two matches against hosts USA and Canada on 12thÂ and 15thÂ June respectively.","Fixtures for ICC T20 World Cup 2024 announced Placed in Group A, India to play all their matches in the USA The ICC on Friday, January 5, 2024, announced the fixtures for the upcoming ICC Men's T20 World Cup 2024 to be staged jointly at three venues in the USA and six in the Caribbean from 1stÂ to 29thÂ June.Â The 20-team event is split up into four groups consisting of five teams, with the top two sides from each group then progressing to the Super Six phase of the tournament ahead of the knockout semi-finals and final. ğŸ“¢ Announced!Take a look at #TeamIndia's group stage fixtures for the upcoming ICC Men's T20 World Cup 2024 ğŸ‘ŒğŸ‘ŒIndia will play all their group matches in the USA ğŸ‡ºğŸ‡¸#T20WorldCup pic.twitter.com/zv1xrqr0VZ The 20 teams have been divided into four groups of five Group A: India, Pakistan, Ireland, Canada and the USA Group B: England, Australia, Namibia, Scotland and Oman Group C: New Zealand, the West Indies, Afghanistan, Uganda and Papua New Guinea Group D: South Africa, Sri Lanka, Bangladesh, the Netherlands and Nepal Teams seeded first and second in their groups in the first round will retain that seeding in the Super Eight, provided they qualify. Super Eight matches are scheduled to be played in the Caribbean destinations Antigua and Barbuda, Barbados, Saint Lucia and Saint Vincent and the Grenadines. The two top teams from each group in the Super Eight will progress to the semi-finals, which will be held in Guyana and Trinidad and Tobago on Wednesday 26 and Thursday 27 June respectively. The final will be held at the Kensington Oval in Barbados on Saturday 29 June. The tournament will commence on 1 June with the USA taking on Canada, while fellow hosts the West Indies will play Papua New Guinea in Guyana on the second day of group play. India will play three of their group games in New York and one in Florida. The Men in Blue will kick off their campaign against Ireland on June 5th.Â The marquee India-Pakistan clash will take place on Sunday, 9thÂ June at theÂ 34,000-seat modular stadium just 30 miles east of downtown Manhattan in Nassau County, New York.Â India will play their last two matches against hosts USA and Canada on 12thÂ and 15thÂ June respectively.",Cricket
India U19 to feature in tri-series against South Africa U19 & Afghanistan U19 ahead of ICC Menâ€™s U19 World Cup,"23rd Dec, 2023",-,international,men,World Cup,https://assets.bcci.tv/bcci/articles/1703305684_Web_BannerDesign.png,https://www.bcci.tv/articles/2023/news/55556074/india-u19-to-feature-in-tri-series-against-south-africa-u19-afghanistan-u19-ahead-of-icc-men-s-u19-world-cup,"MEDIA ADVISORYÂ  December 23, 2023 India U19 to feature in tri-series against South Africa U19 & Afghanistan U19 ahead of ICC Menâ€™s U19 World Cup The India Menâ€™s U19 team will participate in a tri-series, featuring South Africa Menâ€™s U19 and Afghanistan U19 ahead of the ICC Menâ€™s U19 World Cup in South Africa. The tri-series will be played at theÂ Old Edwardians Cricket Club, Johannesburg and will witness each team playing each other twice. India U19 will kickstart their campaign against Afghanistan U19 on December 29, 2023 before taking on South Africa U19 on January 02, 2024. The final will be played on January 10, 2024. The detailed fixtures are as below: U19 tri-series in South Africa â€“ India fixtures S.No. Date Opponent Venue 1 December 29, 2023 Afghanistan Old Edwardians Cricket Club 2 January 2, 2024 South Africa Old Edwardians Cricket Club 3 January 4, 2024 Afghanistan Old Edwardians Cricket Club 4 January 6, 2024 South Africa Old Edwardians Cricket Club Â  India U19 squad for tri-series & ICC Menâ€™s U19 World Cup NO NAME ASSOCIATION 1 Arshin Kulkarni Maharashtra Cricket Association 2 Adarsh Singh Uttar PradeshÂ Cricket Association 3 Rudra Mayur Patel Gujarat Cricket Association 4 Sachin Dhas MaharashtraÂ Cricket Association 5 Priyanshu Moliya BarodaÂ Cricket Association 6 Musheer Khan MumbaiÂ Cricket Association 7 Uday Saharan (C) Punjab Cricket Association 8 Aravelly Avanish Rao (WK) HyderabadÂ Cricket Association 9 Saumy Kumar Pandey (VC) Madhya Pradesh Cricket Association 10 Murugan Abhishek HyderabadÂ  Cricket Association 11 Innesh Mahajan (WK) Himachal Pradesh Cricket Association 12 Dhanush Gowda Karnataka State Cricket Association 13 Aaradhya Shukla PunjabÂ  Cricket Association 14 Raj Limbani Baroda Cricket Association 15 Naman Tiwari Uttar PradeshÂ  Cricket Association Traveling standby players for tri-series 1 Prem Devkar Mumbai Cricket Association 2 Ansh Gosai Saurashtra Cricket Association 3 Md. Amaan Uttar Pradesh Cricket Association Â  Back-up players:Â Digvijay Patil (MaharashtraÂ  Cricket Association), Jayanth Goyat (HaryanaÂ  Cricket Association), P Vignesh (Tamil NaduÂ  Cricket Association), Kiran Chormale (Maharashtra Cricket Association). JAY SHAH Honorary Secretary BCCI","MEDIA ADVISORYÂ  December 23, 2023 India U19 to feature in tri-series against South Africa U19 & Afghanistan U19 ahead of ICC Menâ€™s U19 World Cup The India Menâ€™s U19 team will participate in a tri-series, featuring South Africa Menâ€™s U19 and Afghanistan U19 ahead of the ICC Menâ€™s U19 World Cup in South Africa. The tri-series will be played at theÂ Old Edwardians Cricket Club, Johannesburg and will witness each team playing each other twice. India U19 will kickstart their campaign against Afghanistan U19 on December 29, 2023 before taking on South Africa U19 on January 02, 2024. The final will be played on January 10, 2024. The detailed fixtures are as below: U19 tri-series in South Africa â€“ India fixtures S.No. Date Opponent Venue 1 December 29, 2023 Afghanistan Old Edwardians Cricket Club 2 January 2, 2024 South Africa Old Edwardians Cricket Club 3 January 4, 2024 Afghanistan Old Edwardians Cricket Club 4 January 6, 2024 South Africa Old Edwardians Cricket Club Â  India U19 squad for tri-series & ICC Menâ€™s U19 World Cup NO NAME ASSOCIATION 1 Arshin Kulkarni Maharashtra Cricket Association 2 Adarsh Singh Uttar PradeshÂ Cricket Association 3 Rudra Mayur Patel Gujarat Cricket Association 4 Sachin Dhas MaharashtraÂ Cricket Association 5 Priyanshu Moliya BarodaÂ Cricket Association 6 Musheer Khan MumbaiÂ Cricket Association 7 Uday Saharan (C) Punjab Cricket Association 8 Aravelly Avanish Rao (WK) HyderabadÂ Cricket Association 9 Saumy Kumar Pandey (VC) Madhya Pradesh Cricket Association 10 Murugan Abhishek HyderabadÂ  Cricket Association 11 Innesh Mahajan (WK) Himachal Pradesh Cricket Association 12 Dhanush Gowda Karnataka State Cricket Association 13 Aaradhya Shukla PunjabÂ  Cricket Association 14 Raj Limbani Baroda Cricket Association 15 Naman Tiwari Uttar PradeshÂ  Cricket Association Traveling standby players for tri-series 1 Prem Devkar Mumbai Cricket Association 2 Ansh Gosai Saurashtra Cricket Association 3 Md. Amaan Uttar Pradesh Cricket Association Â  Back-up players:Â Digvijay Patil (MaharashtraÂ  Cricket Association), Jayanth Goyat (HaryanaÂ  Cricket Association), P Vignesh (Tamil NaduÂ  Cricket Association), Kiran Chormale (Maharashtra Cricket Association). JAY SHAH Honorary Secretary BCCI",Cricket
India U19 squad for tri-series in South Africa & ICC Menâ€™s U19 World Cup announced,"12th Dec, 2023",-,international,men,World Cup,https://assets.bcci.tv/bcci/articles/1702384312_BCCI%20_%20Website%20Thumbnail.jpeg,https://www.bcci.tv/articles/2023/news/55556068/india-u19-squad-for-tri-series-in-south-africa-icc-men-s-u19-world-cup-announced,"MEDIA ADVISORYÂ  December 12, 2023 India U19 squad for tri-series in South Africa & ICC Menâ€™s U19 World Cup announced The Junior Selection Committee has picked Indiaâ€™s U19 Menâ€™s squad for the tri-series in South Africa and the upcoming ICC Menâ€™s U19 World Cup, 2024. The tri-series between India, England & South Africa will kick-off on the 29thÂ of December, 2023 with the final scheduled on 10thÂ of January, 2024. Post the tri-series, the India U19 team will begin preparations for the much anticipated ICC Menâ€™s Under-19 World Cup. India U19 squad for tri-series & ICC Menâ€™s U19 World Cup NO NAME ASSOCIATION 1 Arshin Kulkarni Maharashtra Cricket Association 2 Adarsh Singh Uttar PradeshÂ Cricket Association 3 Rudra Mayur Patel Gujarat Cricket Association 4 Sachin Dhas MaharashtraÂ Cricket Association 5 Priyanshu Moliya BarodaÂ Cricket Association 6 Musheer Khan MumbaiÂ Cricket Association 7 Uday Saharan (C) Punjab Cricket Association 8 Aravelly Avanish Rao (WK) HyderabadÂ Cricket Association 9 Saumy Kumar Pandey (VC) Madhya Pradesh Cricket Association 10 Murugan Abhishek HyderabadÂ  Cricket Association 11 Innesh Mahajan (WK) Himachal Pradesh Cricket Association 12 Dhanush Gowda Karnataka State Cricket Association 13 Aaradhya Shukla PunjabÂ  Cricket Association 14 Raj Limbani Baroda Cricket Association 15 Naman Tiwari Uttar PradeshÂ  Cricket Association Traveling standby players for tri-series 1 Prem Devkar Mumbai Cricket Association 2 Ansh Gosai Saurashtra Cricket Association 3 Md. Amaan Uttar Pradesh Cricket Association Back-up players:Â Digvijay Patil (MaharashtraÂ  Cricket Association), Jayanth Goyat (HaryanaÂ  Cricket Association), P Vignesh (Tamil NaduÂ  Cricket Association), Kiran Chormale (Maharashtra Cricket Association). Team India are in Group A along with Bangladesh, Ireland and USA and begin their U19 World Cup campaign on 20th of January, 2024 with a game against Bangladesh in Bloemfontein. India then play their next two group fixtures against Ireland and USA on 25thÂ & 28thÂ January respectively. The final of the marquee tournament will be played on 11thÂ of February, 2024 in Benoni.Â  JAY SHAH Honorary Secretary BCCI","MEDIA ADVISORYÂ  December 12, 2023 India U19 squad for tri-series in South Africa & ICC Menâ€™s U19 World Cup announced The Junior Selection Committee has picked Indiaâ€™s U19 Menâ€™s squad for the tri-series in South Africa and the upcoming ICC Menâ€™s U19 World Cup, 2024. The tri-series between India, England & South Africa will kick-off on the 29thÂ of December, 2023 with the final scheduled on 10thÂ of January, 2024. Post the tri-series, the India U19 team will begin preparations for the much anticipated ICC Menâ€™s Under-19 World Cup. India U19 squad for tri-series & ICC Menâ€™s U19 World Cup NO NAME ASSOCIATION 1 Arshin Kulkarni Maharashtra Cricket Association 2 Adarsh Singh Uttar PradeshÂ Cricket Association 3 Rudra Mayur Patel Gujarat Cricket Association 4 Sachin Dhas MaharashtraÂ Cricket Association 5 Priyanshu Moliya BarodaÂ Cricket Association 6 Musheer Khan MumbaiÂ Cricket Association 7 Uday Saharan (C) Punjab Cricket Association 8 Aravelly Avanish Rao (WK) HyderabadÂ Cricket Association 9 Saumy Kumar Pandey (VC) Madhya Pradesh Cricket Association 10 Murugan Abhishek HyderabadÂ  Cricket Association 11 Innesh Mahajan (WK) Himachal Pradesh Cricket Association 12 Dhanush Gowda Karnataka State Cricket Association 13 Aaradhya Shukla PunjabÂ  Cricket Association 14 Raj Limbani Baroda Cricket Association 15 Naman Tiwari Uttar PradeshÂ  Cricket Association Traveling standby players for tri-series 1 Prem Devkar Mumbai Cricket Association 2 Ansh Gosai Saurashtra Cricket Association 3 Md. Amaan Uttar Pradesh Cricket Association Back-up players:Â Digvijay Patil (MaharashtraÂ  Cricket Association), Jayanth Goyat (HaryanaÂ  Cricket Association), P Vignesh (Tamil NaduÂ  Cricket Association), Kiran Chormale (Maharashtra Cricket Association). Team India are in Group A along with Bangladesh, Ireland and USA and begin their U19 World Cup campaign on 20th of January, 2024 with a game against Bangladesh in Bloemfontein. India then play their next two group fixtures against Ireland and USA on 25thÂ & 28thÂ January respectively. The final of the marquee tournament will be played on 11thÂ of February, 2024 in Benoni.Â  JAY SHAH Honorary Secretary BCCI",Cricket
Final set of tickets for ICC Menâ€™s World Cup 2023 knockouts to go live on Thursday,"9th Nov, 2023",-,international,men,World Cup,https://assets.bcci.tv/bcci/articles/1699466773_1752323360.jpg,https://www.bcci.tv/articles/2023/news/55556055/final-set-of-tickets-for-icc-men-s-world-cup-2023-knockouts-to-go-live-on-thursday,"MEDIA ADVISORY NovemberÂ 09, 2023 Final set of tickets for ICC Menâ€™s World Cup 2023 knockouts to go live today. As the ICC Menâ€™s Cricket World Cup 2023 reaches its business end, the Board of Control for Cricket in India (BCCI) will release a final batch of tickets on Thursday. The tickets for the three marquee games â€“ 1st semi-final (15thÂ November), 2ndÂ semi-final (16thÂ November) and the all-important final on 19thÂ November will go live at 8:00 PM on 9thÂ November on the official ticketing website atÂ https://tickets.cricketworldcup.com. This will be the last chance for cricket fans wanting to experience the magic and thrill of the World Cup and to witness in person the crowning of a new champion. BCCI","MEDIA ADVISORY NovemberÂ 09, 2023 Final set of tickets for ICC Menâ€™s World Cup 2023 knockouts to go live today. As the ICC Menâ€™s Cricket World Cup 2023 reaches its business end, the Board of Control for Cricket in India (BCCI) will release a final batch of tickets on Thursday. The tickets for the three marquee games â€“ 1st semi-final (15thÂ November), 2ndÂ semi-final (16thÂ November) and the all-important final on 19thÂ November will go live at 8:00 PM on 9thÂ November on the official ticketing website atÂ https://tickets.cricketworldcup.com. This will be the last chance for cricket fans wanting to experience the magic and thrill of the World Cup and to witness in person the crowning of a new champion. BCCI",Cricket
"BCCI set to release 400,000 tickets in the next phase of ticket sales for ICC Men's Cricket World Cup 2023","6th Sep, 2023",-,international,men,World Cup,https://assets.bcci.tv/bcci/articles/1694010860_1692798396_Screenshot%202023-08-23%20at%202.40.24%20PM.webp,https://www.bcci.tv/articles/2023/news/55556039/bcci-set-to-release-400-000-tickets-in-the-next-phase-of-ticket-sales-for-icc-men-s-cricket-world-cup-2023,"MEDIA RELEASE September 06, 2023 BCCI set to release 400,000 tickets in the next phase of ticket sales for ICC Men's Cricket World Cup 2023 The Board of Control for Cricket in India (BCCI) acknowledges the high demand for tickets for the ICC Men's Cricket World Cup 2023. After discussions with the hosting state associations, the BCCI has announced the release of approximately 400,000 tickets for the highly anticipated tournament. This measure is aimed at accommodating as many passionate cricket fans as possible, ensuring their participation in this historic event. Cricket enthusiasts from around the world can now secure their seats to witness the cricketing extravaganza of the year. Fans are encouraged to act promptly to secure their tickets, as tickets are expected to be in high demand, given the immense global interest in the event. The general sale of tickets for all matches of the ICC Menâ€™s Cricket World Cup 2023 will commence fromÂ 8:00 PM IST onwards on September 8, 2023. Fans can purchase tickets by visiting the official ticketing website atÂ https://tickets.cricketworldcup.com.Â Fans will be notified of the further sale of tickets in the next phase in due course. The BCCI deeply acknowledges that fans are the heartbeat of the tournament, and their unwavering passion, engagement, and contributions are pivotal to the success of the ICC Menâ€™s Cricket World Cup 2023. BCCI","MEDIA RELEASE September 06, 2023 BCCI set to release 400,000 tickets in the next phase of ticket sales for ICC Men's Cricket World Cup 2023 The Board of Control for Cricket in India (BCCI) acknowledges the high demand for tickets for the ICC Men's Cricket World Cup 2023. After discussions with the hosting state associations, the BCCI has announced the release of approximately 400,000 tickets for the highly anticipated tournament. This measure is aimed at accommodating as many passionate cricket fans as possible, ensuring their participation in this historic event. Cricket enthusiasts from around the world can now secure their seats to witness the cricketing extravaganza of the year. Fans are encouraged to act promptly to secure their tickets, as tickets are expected to be in high demand, given the immense global interest in the event. The general sale of tickets for all matches of the ICC Menâ€™s Cricket World Cup 2023 will commence fromÂ 8:00 PM IST onwards on September 8, 2023. Fans can purchase tickets by visiting the official ticketing website atÂ https://tickets.cricketworldcup.com.Â Fans will be notified of the further sale of tickets in the next phase in due course. The BCCI deeply acknowledges that fans are the heartbeat of the tournament, and their unwavering passion, engagement, and contributions are pivotal to the success of the ICC Menâ€™s Cricket World Cup 2023. BCCI",Cricket
Indiaâ€™s squad for ICC Menâ€™s Cricket World Cup 2023 announced,"5th Sep, 2023",-,international,men,World Cup,https://assets.bcci.tv/bcci/articles/1693905413_End-plate.png,https://www.bcci.tv/articles/2023/news/55556037/india-s-squad-for-icc-men-s-cricket-world-cup-2023-announced,"MEDIA ADVISORY September 05, 2023Â  Indiaâ€™s squad for ICC Menâ€™sÂ Cricket World Cup 2023 announced The All-India Senior Selection Committee on Tuesday announced Indiaâ€™sÂ 15-man squad for the upcoming ICC Menâ€™s Cricket World Cup 2023, which will be hosted by India. Squad:Â Rohit Sharma (Captain), Hardik Pandya (Vice-captain), Shubman Gill, Virat Kohli, Shreyas Iyer, Ishan Kishan, KL Rahul, Suryakumar Yadav, Ravindra Jadeja, Axar Patel, Shardul Thakur, Jasprit Bumrah, Mohd. Shami, Mohd. Siraj, Kuldeep Yadav India will begin their World Cup campaign against Australia on October 08, 2023 at the MA Chidambaram Stadium, Chennai. The 1983 and 2011 World Cup Champions will then take on Afghanistan at the Arun Jaitley Stadium, Delhi on October 11, 2023 and then face Pakistan on October 14, 2023 at the worldâ€™s biggest cricket stadium - Narendra Modi Stadium, Ahmedabad. India will play their next five matches against Bangladesh, New Zealand, England, Sri Lanka and South Africa respectively before playing their final league-stage match against the Netherlands on November 12, 2023. ICC Menâ€™s Cricket World Cup 2023 â€“ Indiaâ€™s Fixtures Date Day Match Venue 08-Oct-23 Sunday India vs Australia MA Chidambaram Stadium, Chennai 11-Oct-23 Wednesday India vs Afghanistan Arun Jaitley Stadium, Delhi 14-Oct-23 Saturday India vs Pakistan Narendra Modi Stadium, Ahmedabad 19-Oct-23 Thursday India vs Bangladesh Maharashtra Cricket Association Stadium, Pune 22-Oct-23 Sunday India vs New Zealand Himachal Pradesh Cricket Association Stadium, Dharamsala 29-Oct-23 Sunday India vs England Bharat Ratna Shri Atal Bihari Vajpayee Ekana Cricket Stadium, Lucknow 02-Nov-23 Thursday India vs Sri Lanka Wankhede Stadium, Mumbai 05-Nov-23 Sunday India vs South Africa Eden Gardens, Kolkata 12-Nov-23 Sunday India vs Netherlands M Chinnaswamy Stadium, Bengaluru Â  JAY SHAHHonorary SecretaryBCCI","MEDIA ADVISORY September 05, 2023Â  Indiaâ€™s squad for ICC Menâ€™sÂ Cricket World Cup 2023 announced The All-India Senior Selection Committee on Tuesday announced Indiaâ€™sÂ 15-man squad for the upcoming ICC Menâ€™s Cricket World Cup 2023, which will be hosted by India. Squad:Â Rohit Sharma (Captain), Hardik Pandya (Vice-captain), Shubman Gill, Virat Kohli, Shreyas Iyer, Ishan Kishan, KL Rahul, Suryakumar Yadav, Ravindra Jadeja, Axar Patel, Shardul Thakur, Jasprit Bumrah, Mohd. Shami, Mohd. Siraj, Kuldeep Yadav India will begin their World Cup campaign against Australia on October 08, 2023 at the MA Chidambaram Stadium, Chennai. The 1983 and 2011 World Cup Champions will then take on Afghanistan at the Arun Jaitley Stadium, Delhi on October 11, 2023 and then face Pakistan on October 14, 2023 at the worldâ€™s biggest cricket stadium - Narendra Modi Stadium, Ahmedabad. India will play their next five matches against Bangladesh, New Zealand, England, Sri Lanka and South Africa respectively before playing their final league-stage match against the Netherlands on November 12, 2023. ICC Menâ€™s Cricket World Cup 2023 â€“ Indiaâ€™s Fixtures Date Day Match Venue 08-Oct-23 Sunday India vs Australia MA Chidambaram Stadium, Chennai 11-Oct-23 Wednesday India vs Afghanistan Arun Jaitley Stadium, Delhi 14-Oct-23 Saturday India vs Pakistan Narendra Modi Stadium, Ahmedabad 19-Oct-23 Thursday India vs Bangladesh Maharashtra Cricket Association Stadium, Pune 22-Oct-23 Sunday India vs New Zealand Himachal Pradesh Cricket Association Stadium, Dharamsala 29-Oct-23 Sunday India vs England Bharat Ratna Shri Atal Bihari Vajpayee Ekana Cricket Stadium, Lucknow 02-Nov-23 Thursday India vs Sri Lanka Wankhede Stadium, Mumbai 05-Nov-23 Sunday India vs South Africa Eden Gardens, Kolkata 12-Nov-23 Sunday India vs Netherlands M Chinnaswamy Stadium, Bengaluru Â  JAY SHAHHonorary SecretaryBCCI",Cricket
